driver_id,driver_name,depot_code,licence_code,hired_date
DRV-401,Andile Maseko,KES-JHB,C1,2021-03-30
DRV-402,Andile Mahlangu,KES-JHB,C,2024-02-12
DRV-403,Mpho Malan,KES-JHB,EC,2018-07-03
DRV-404,Ashwin Molefe,KES-JHB,EC,2019-09-05
DRV-405,Sizwe Malan,KES-JHB,C1,2019-06-24
DRV-406,Sizwe Van Wyk,KES-JHB,EC,2021-07-13
DRV-407,Lucky Ndlovu,KES-JHB,EC,2021-09-07
DRV-408,Ashwin Dlamini,KES-JHB,C1,2021-04-24
DRV-409,Sipho Botha,KES-JHB,EC,2017-08-29
DRV-410,Johan Molefe,KES-JHB,C,2020-01-05
DRV-411,Riaan Mahlangu,KES-JHB,EC,2023-07-22
DRV-412,Johan Sithole,KES-JHB,EC,2022-06-11
DRV-413,Pieter Pillay,KES-JHB,EC,2020-05-11
DRV-414,Lucky Botha,KES-JHB,C1,2024-02-29
DRV-415,Sizwe Naidoo,KES-JHB,EC,2023-07-20
DRV-416,Sipho Naidoo,KES-JHB,EC,2019-12-27
DRV-417,Lungile Zwane,KES-JHB,C1,2020-01-01
DRV-418,Sipho Maseko,KES-JHB,C,2017-07-18
DRV-419,Thabo Sithole,KES-JHB,EC,2019-12-24
DRV-420,Shaun Ndlovu,KES-JHB,EC,2024-06-11
DRV-421,Ashwin Sithole,KES-JHB,C1,2022-08-10
DRV-422,Sipho Mokoena,KES-JHB,EC,2024-01-01
DRV-423,Nkosi Botha,KES-JHB,C1,2019-03-29
DRV-424,Tebogo Ndlovu,KES-JHB,EC,2023-02-24
DRV-425,Riaan Mthembu,KES-JHB,EC,2023-08-03
DRV-426,Lucky Maseko,KES-JHB,EC,2022-07-25
DRV-427,Ashwin Adams,KES-JHB,C,2020-07-18
DRV-428,Pieter Zwane,KES-JHB,C1,2023-01-31
DRV-429,Ashwin Molefe,KES-JHB,EC,2023-09-27
DRV-430,Andile Dlamini,KES-JHB,C1,2022-03-26
DRV-431,Johan Naidoo,KES-JHB,EC,2021-01-01
DRV-432,Sipho Sithole,KES-JHB,EC,2016-10-10
DRV-433,Kagiso Mthembu,KES-JHB,EC,2019-10-07
DRV-434,Pieter Mokoena,KES-JHB,C,2021-11-07
DRV-435,Tebogo Van Wyk,KES-JHB,EC,2018-05-23
DRV-436,Tebogo Molefe,KES-JHB,EC,2020-06-05
DRV-437,Ashwin Pillay,KES-JHB,C,2020-11-06
DRV-438,Thabo Zwane,KES-JHB,EC,2017-08-25
DRV-439,Bongani Pillay,KES-JHB,C,2019-03-03
DRV-440,Dumisani Pillay,KES-JHB,EC,2023-08-08
DRV-441,Lucky Fourie,KES-JHB,EC,2023-07-02
DRV-442,Lungile Naidoo,KES-JHB,C1,2017-08-13
DRV-443,Sipho Pillay,KES-JHB,EC,2020-08-21
DRV-444,Johan Ndlovu,KES-JHB,EC,2024-05-13
DRV-445,Tebogo Maseko,KES-JHB,EC,2020-09-06
DRV-446,Johan Van Wyk,KES-JHB,C,2017-01-02
DRV-447,Themba Mokoena,KES-JHB,C,2019-06-20
DRV-448,Kagiso Molefe,KES-JHB,EC,2019-12-20
DRV-449,Dumisani Pillay,KES-JHB,C1,2019-04-08
DRV-450,Mpho Malan,KES-JHB,C,2019-10-29
DRV-451,Lucky Mthembu,KES-JHB,C,2018-09-05
DRV-452,Lucky Malan,KES-JHB,EC,2023-05-23
DRV-453,Kagiso Zwane,KES-DBN,C1,2019-02-14
DRV-454,Andile Molefe,KES-DBN,EC,2017-05-24
DRV-455,Johan Adams,KES-DBN,EC,2024-02-13
DRV-456,Rajesh Van Wyk,KES-DBN,EC,2018-04-18
DRV-457,Tebogo Botha,KES-DBN,C,2021-08-10
DRV-458,Andile Jacobs,KES-DBN,EC,2021-02-24
DRV-459,Sizwe Malan,KES-DBN,EC,2016-10-10
DRV-460,Rajesh Sithole,KES-DBN,EC,2021-11-27
DRV-461,Ashwin Dlamini,KES-DBN,EC,2019-08-14
DRV-462,Bongani Botha,KES-DBN,EC,2024-06-22
DRV-463,Shaun Ndlovu,KES-DBN,EC,2023-05-23
DRV-464,Johan Khumalo,KES-DBN,EC,2019-04-04
DRV-465,Thabo Mahlangu,KES-DBN,C1,2019-01-03
DRV-466,Kagiso Fourie,KES-DBN,EC,2017-03-21
DRV-467,Mpho Khumalo,KES-DBN,EC,2016-10-24
DRV-468,Vusi Botha,KES-DBN,EC,2020-01-21
DRV-469,Dumisani Jacobs,KES-DBN,C,2024-01-22
DRV-470,Themba Govender,KES-DBN,EC,2021-03-05
DRV-471,Bongani Ndlovu,KES-DBN,EC,2020-05-26
DRV-472,Sipho Govender,KES-DBN,C,2023-06-12
DRV-473,Rajesh Van Wyk,KES-DBN,C,2022-02-16
DRV-474,Rajesh Mthembu,KES-DBN,EC,2017-10-03
DRV-475,Pieter Govender,KES-DBN,C1,2020-07-01
DRV-476,Mpho Govender,KES-DBN,C1,2022-03-22
DRV-477,Thabo Adams,KES-DBN,C,2022-02-20
DRV-478,Bongani Sithole,KES-DBN,C1,2018-12-05
DRV-479,Ashwin Maseko,KES-DBN,EC,2018-06-06
DRV-480,Dumisani Nkosi,KES-DBN,EC,2017-11-27
DRV-481,Nkosi Naidoo,KES-DBN,EC,2023-04-01
DRV-482,Rajesh Govender,KES-DBN,EC,2023-09-09
DRV-483,Shaun Maseko,KES-CPT,EC,2020-10-03
DRV-484,Andile Jacobs,KES-CPT,C1,2017-12-07
DRV-485,Nkosi Nkosi,KES-CPT,EC,2019-05-15
DRV-486,Kagiso Mokoena,KES-CPT,EC,2017-12-29
DRV-487,Ashwin Nkosi,KES-CPT,EC,2018-01-09
DRV-488,Dumisani Maseko,KES-CPT,C,2016-10-25
DRV-489,Nkosi Govender,KES-CPT,EC,2023-10-27
DRV-490,Vusi Adams,KES-CPT,C1,2023-12-31
DRV-491,Sizwe Sithole,KES-CPT,EC,2024-06-28
DRV-492,Lungile Malan,KES-CPT,EC,2022-06-22
DRV-493,Bongani Dlamini,KES-CPT,EC,2023-09-28
DRV-494,Ashwin Pillay,KES-CPT,EC,2023-04-28
DRV-495,Riaan Mthembu,KES-CPT,C,2018-12-24
DRV-496,Pieter Pillay,KES-CPT,EC,2019-06-06
DRV-497,Mpho Molefe,KES-CPT,C,2021-05-19
DRV-498,Sipho Jacobs,KES-CPT,EC,2022-08-21
DRV-499,Lungile Naidoo,KES-CPT,EC,2020-11-18
DRV-500,Johan Nkosi,KES-CPT,EC,2019-08-28
DRV-501,Johan Fourie,KES-CPT,EC,2018-04-14
DRV-502,Lungile Sithole,KES-CPT,EC,2022-12-24
DRV-503,Shaun Naidoo,KES-CPT,C1,2021-05-29
DRV-504,Riaan Naidoo,KES-CPT,EC,2019-07-23
DRV-505,Riaan Ndlovu,KES-CPT,C1,2017-01-26
DRV-506,Lungile Jacobs,KES-CPT,EC,2024-02-13
DRV-507,Thabo Zwane,KES-CPT,EC,2016-12-04
DRV-508,Bongani Molefe,KES-CPT,EC,2017-09-12
DRV-509,Bongani Pillay,KES-CPT,EC,2022-11-02
DRV-510,Themba Zwane,KES-CPT,EC,2022-07-24
DRV-511,Riaan Mthembu,KES-CPT,C1,2022-03-28
DRV-512,Ashwin Ndlovu,KES-CPT,EC,2018-12-10
