maintenance_id,vehicle_id,job_date,job_type,cost_zar,downtime_hours,odometer_km
MNT-300001,VEH-2029,2024-09-02,Repair,9955.05,21.27,628619
MNT-300002,VEH-2011,2024-09-03,Repair,17452.96,23.83,644036
MNT-300003,VEH-2017,2024-09-04,Tyres,9092.54,14.01,514898
MNT-300004,VEH-2004,2024-09-05,Service,6625.05,5.67,235784
MNT-300005,VEH-2069,2024-09-06,Service,5941.55,6.34,655181
MNT-300006,VEH-2027,2024-09-07,Service,7691.29,5.34,748998
MNT-300007,VEH-2002,2024-09-09,Repair,21177.48,10.88,574904
MNT-300008,VEH-2090,2024-09-10,Service,5728.57,1,650406
MNT-300009,VEH-2063,2024-09-11,Tyres,14464.03,10.83,443908
MNT-300010,VEH-2100,2024-09-12,Repair,14840.13,16.43,579190
MNT-300011,VEH-2094,2024-09-13,Tyres,5067.89,13.54,509928
MNT-300012,VEH-2118,2024-09-16,Tyres,1092.9,16.35,683595
MNT-300013,VEH-2117,2024-09-17,Service,1347.77,12.93,325451
MNT-300014,VEH-2050,2024-09-18,Repair,748.01,16.1,466955
MNT-300015,VEH-2028,2024-09-21,Repair,4796.78,19.62,390095
MNT-300016,VEH-2026,2024-09-24,Repair,10362.16,6.66,182186
MNT-300017,VEH-2099,2024-09-25,Service,8693.08,9.1,674459
MNT-300018,VEH-2001,2024-09-27,Repair,21814.4,21.78,700667
MNT-300019,VEH-2018,2024-09-28,Service,6321.1,5.03,481391
MNT-300020,VEH-2081,2024-09-30,Repair,2538.84,5.81,174122
MNT-300021,VEH-2064,2024-10-01,Repair,16468.12,1,459079
MNT-300022,VEH-2075,2024-10-03,Tyres,4661.34,9.38,388379
MNT-300023,VEH-2079,2024-10-04,Tyres,5371.64,8.38,678646
MNT-300024,VEH-2108,2024-10-07,Service,4866.15,1,753569
MNT-300025,VEH-2094,2024-10-08,Service,6924.19,8.18,520675
MNT-300026,VEH-2019,2024-10-09,Repair,17718.6,10.02,736009
MNT-300027,VEH-2010,2024-10-10,Service,7725.21,18.92,598872
MNT-300028,VEH-2074,2024-10-11,Repair,10637.46,19.44,444492
MNT-300029,VEH-2050,2024-10-12,Service,312.71,1,468092
MNT-300030,VEH-2098,2024-10-14,Repair,15260.23,10.85,238115
MNT-300031,VEH-2076,2024-10-16,Service,4219.8,1,397254
MNT-300032,VEH-2116,2024-10-17,Service,2597.76,11.79,443071
MNT-300033,VEH-2008,2024-10-18,Repair,11325.34,12.1,446685
MNT-300034,VEH-2101,2024-10-19,Repair,20797.8,6.93,162888
MNT-300035,VEH-2099,2024-10-21,Repair,14308.66,18.48,695027
MNT-300036,VEH-2038,2024-10-22,Service,3910.25,6.39,481968
MNT-300037,VEH-2078,2024-10-23,Repair,6678.66,18.5,527171
MNT-300038,VEH-2083,2024-10-25,Service,1249.01,6.85,541715
MNT-300039,VEH-2087,2024-10-26,Tyres,500.13,1,224431
MNT-300040,VEH-2118,2024-10-29,Service,1071.42,1,685683
MNT-300041,VEH-2050,2024-10-30,Repair,781.99,20.91,469091
MNT-300042,VEH-2079,2024-10-31,Tyres,5948.48,4.57,680614
MNT-300043,VEH-2095,2024-11-02,Repair,8336.87,22.76,476092
MNT-300044,VEH-2025,2024-11-05,Service,8127.38,1,269694
MNT-300045,VEH-2104,2024-11-06,Service,5483.49,14.68,182374
MNT-300046,VEH-2021,2024-11-07,Service,4570.08,7.86,370966
MNT-300047,VEH-2005,2024-11-08,Repair,16459.19,14.4,383467
MNT-300048,VEH-2041,2024-11-09,Tyres,5336.26,1,596712
MNT-300049,VEH-2095,2024-11-11,Repair,17060.57,27.89,478446
MNT-300050,VEH-2070,2024-11-12,Repair,5912.74,17.16,311945
MNT-300051,VEH-2091,2024-11-13,Repair,16239.42,21.26,597277
MNT-300052,VEH-2013,2024-11-14,Service,11497.04,3.23,282425
MNT-300053,VEH-2123,2024-11-15,Service,337.22,1,426382
MNT-300054,VEH-2087,2024-11-16,Service,520.55,2.35,225264
MNT-300055,VEH-2017,2024-11-18,Repair,22114.99,14.71,544939
MNT-300056,VEH-2122,2024-11-19,Service,378.54,7.43,150668
MNT-300057,VEH-2091,2024-11-20,Tyres,9359.07,1,597277
MNT-300058,VEH-2017,2024-11-21,Service,6238.54,3.37,545301
MNT-300059,VEH-2042,2024-11-22,Service,2094.76,9.32,551577
MNT-300060,VEH-2058,2024-11-23,Repair,14038.04,16.34,190544
MNT-300061,VEH-2084,2024-11-25,Repair,3953.3,19.16,641398
MNT-300062,VEH-2093,2024-11-26,Service,8677.81,3.34,556101
MNT-300063,VEH-2051,2024-11-27,Repair,608.41,14.22,280229
MNT-300064,VEH-2113,2024-11-28,Service,4560.45,1,699195
MNT-300065,VEH-2041,2024-11-29,Service,3898.55,14.06,598484
MNT-300066,VEH-2063,2024-11-30,Repair,4656.74,11.07,466619
MNT-300067,VEH-2056,2024-12-02,Service,6576.73,11.71,629326
MNT-300068,VEH-2105,2024-12-03,Repair,15150.3,22.32,466790
MNT-300069,VEH-2124,2024-12-04,Service,437.87,10.77,535205
MNT-300070,VEH-2086,2024-12-05,Repair,773.48,6.69,576696
MNT-300071,VEH-2038,2024-12-06,Repair,6306.26,8.89,485763
MNT-300072,VEH-2068,2024-12-07,Repair,11153.25,21.05,275966
MNT-300073,VEH-2035,2024-12-09,Repair,8413.3,5.42,428226
MNT-300074,VEH-2019,2024-12-10,Repair,14397.89,7.19,760704
MNT-300075,VEH-2051,2024-12-11,Service,372.88,7.16,281051
MNT-300076,VEH-2095,2024-12-12,Service,8041.17,4.69,502221
MNT-300077,VEH-2050,2024-12-13,Tyres,424.9,1,472407
MNT-300078,VEH-2023,2024-12-14,Repair,11565.39,11.92,325145
MNT-300079,VEH-2008,2024-12-16,Service,8891.79,13.04,476112
MNT-300080,VEH-2111,2024-12-17,Repair,6339.55,13.52,214789
MNT-300081,VEH-2070,2024-12-18,Repair,11282.41,15.65,326098
MNT-300082,VEH-2040,2024-12-19,Service,3444.47,8.06,142676
MNT-300083,VEH-2113,2024-12-20,Repair,8015.64,18.9,701185
MNT-300084,VEH-2109,2024-12-21,Repair,7477.56,21.6,432057
MNT-300085,VEH-2026,2024-12-23,Repair,9549.28,14.33,231372
MNT-300086,VEH-2006,2024-12-24,Repair,12629.29,16.67,601474
MNT-300087,VEH-2023,2024-12-25,Repair,12442,15.06,329390
MNT-300088,VEH-2111,2024-12-27,Tyres,5692.85,2.42,216068
MNT-300089,VEH-2024,2024-12-28,Repair,8383.95,12.28,784312
MNT-300090,VEH-2027,2025-01-01,Service,4111.17,1,824815
MNT-300091,VEH-2018,2025-01-02,Repair,13424.33,7.72,519030
MNT-300092,VEH-2039,2025-01-06,Service,4651.47,6.52,729806
MNT-300093,VEH-2013,2025-01-07,Tyres,10969.96,10.99,304940
MNT-300094,VEH-2104,2025-01-08,Tyres,7784.77,8.07,201173
MNT-300095,VEH-2017,2025-01-09,Repair,19131.34,13.63,565863
MNT-300096,VEH-2089,2025-01-10,Tyres,755.04,2.51,424347
MNT-300097,VEH-2103,2025-01-11,Repair,7719.97,17.76,374299
MNT-300098,VEH-2038,2025-01-13,Service,3867.46,4.04,490341
MNT-300099,VEH-2099,2025-01-14,Repair,17005.81,7.82,741537
MNT-300100,VEH-2070,2025-01-15,Service,7850.78,9.8,333781
MNT-300101,VEH-2055,2025-01-16,Service,7236.14,7.31,466363
MNT-300102,VEH-2072,2025-01-17,Repair,7480.13,11.25,803768
MNT-300103,VEH-2057,2025-01-20,Service,11265.52,10.95,472776
MNT-300104,VEH-2082,2025-01-21,Repair,4213.05,10.42,261126
MNT-300105,VEH-2073,2025-01-22,Tyres,14615.89,4.63,371348
MNT-300106,VEH-2028,2025-01-23,Service,6452.72,9.57,460503
MNT-300107,VEH-2113,2025-01-24,Repair,3669.13,15.45,703474
MNT-300108,VEH-2064,2025-01-25,Service,7979.91,6.78,500022
MNT-300109,VEH-2034,2025-01-27,Repair,8483.71,13.51,142833
MNT-300110,VEH-2085,2025-01-28,Tyres,4093.09,9.62,289526
MNT-300111,VEH-2103,2025-01-29,Tyres,8860.11,7.55,376691
MNT-300112,VEH-2108,2025-01-30,Repair,13594.04,11.73,784136
MNT-300113,VEH-2050,2025-01-31,Service,456.56,6.93,474718
MNT-300114,VEH-2096,2025-02-01,Service,9370.66,9.48,768079
MNT-300115,VEH-2059,2025-02-03,Service,6602.8,1,774854
MNT-300116,VEH-2069,2025-02-04,Repair,8784.64,11.96,695841
MNT-300117,VEH-2066,2025-02-06,Repair,16532.72,21.59,535930
MNT-300118,VEH-2011,2025-02-07,Service,11193.09,3.55,719746
MNT-300119,VEH-2087,2025-02-10,Service,283.13,1,227752
MNT-300120,VEH-2089,2025-02-11,Repair,774.13,6.71,424844
MNT-300121,VEH-2094,2025-02-12,Service,6497.73,1,584998
MNT-300122,VEH-2016,2025-02-13,Service,8072.54,4.25,366135
MNT-300123,VEH-2105,2025-02-14,Repair,14003.92,1,483952
MNT-300124,VEH-2072,2025-02-15,Tyres,14789.52,13.82,815858
MNT-300125,VEH-2076,2025-02-17,Service,3664.15,1,408360
MNT-300126,VEH-2101,2025-02-18,Tyres,9632.29,7.52,205464
MNT-300127,VEH-2027,2025-02-19,Service,4004.36,1,838686
MNT-300128,VEH-2092,2025-02-20,Tyres,3702.17,11.81,342918
MNT-300129,VEH-2040,2025-02-21,Service,3147.63,1,149336
MNT-300130,VEH-2032,2025-02-22,Tyres,4420.17,8.23,757839
MNT-300131,VEH-2047,2025-02-24,Service,1826.67,4.1,150994
MNT-300132,VEH-2036,2025-02-25,Repair,8666.19,8.1,173318
MNT-300133,VEH-2082,2025-02-26,Tyres,2702.41,15.62,263629
MNT-300134,VEH-2121,2025-02-27,Repair,615.03,5.19,197878
MNT-300135,VEH-2112,2025-02-28,Tyres,6769.38,1.96,203034
MNT-300136,VEH-2070,2025-03-01,Service,4583.53,6.17,344319
MNT-300137,VEH-2038,2025-03-03,Tyres,3179.52,11.3,493864
MNT-300138,VEH-2023,2025-03-04,Tyres,10538.07,1,351879
MNT-300139,VEH-2112,2025-03-05,Service,1414.78,1,203500
MNT-300140,VEH-2089,2025-03-06,Tyres,319.11,1.04,425184
MNT-300141,VEH-2084,2025-03-07,Repair,3783.92,14.28,649391
MNT-300142,VEH-2090,2025-03-08,Service,9504.71,1.81,743617
MNT-300143,VEH-2053,2025-03-10,Service,207.76,6.26,631757
MNT-300144,VEH-2045,2025-03-11,Service,2473.32,16.3,625027
MNT-300145,VEH-2008,2025-03-12,Tyres,9866,9.89,518222
MNT-300146,VEH-2115,2025-03-13,Service,3973.56,16.09,380268
MNT-300147,VEH-2102,2025-03-14,Repair,11142.06,12.65,553500
MNT-300148,VEH-2054,2025-03-15,Tyres,785.5,1,220027
MNT-300149,VEH-2070,2025-03-17,Repair,11516.34,13.9,348158
MNT-300150,VEH-2091,2025-03-19,Service,11588.63,1,633319
MNT-300151,VEH-2010,2025-03-20,Tyres,15611.19,19.02,672155
MNT-300152,VEH-2052,2025-03-21,Service,422.02,1.72,598581
MNT-300153,VEH-2053,2025-03-22,Tyres,60.31,4.67,632716
MNT-300154,VEH-2079,2025-03-24,Repair,3711.89,12.45,691882
MNT-300155,VEH-2045,2025-03-25,Service,1877.19,8.82,626982
MNT-300156,VEH-2062,2025-03-26,Service,4912.46,1,602805
MNT-300157,VEH-2001,2025-03-27,Service,8324.3,11.77,786761
MNT-300158,VEH-2085,2025-03-28,Repair,2308.98,22.12,295111
MNT-300159,VEH-2096,2025-03-29,Service,6909.7,1,795549
MNT-300160,VEH-2058,2025-03-31,Service,6794.69,8.22,234885
MNT-300161,VEH-2001,2025-04-02,Repair,9091.5,18.5,789051
MNT-300162,VEH-2047,2025-04-04,Repair,2766.17,23.14,153537
MNT-300163,VEH-2083,2025-04-05,Repair,4670.86,16.84,553969
MNT-300164,VEH-2114,2025-04-07,Repair,3491.23,19.76,474060
MNT-300165,VEH-2061,2025-04-09,Repair,22263.01,10.71,318632
MNT-300166,VEH-2023,2025-04-10,Tyres,6568.46,8.85,367841
MNT-300167,VEH-2036,2025-04-11,Service,4701.5,1,176918
MNT-300168,VEH-2095,2025-04-12,Repair,12154.57,7.86,553376
MNT-300169,VEH-2121,2025-04-14,Repair,915.82,20.84,200273
MNT-300170,VEH-2037,2025-04-15,Tyres,3446.52,6.25,335955
MNT-300171,VEH-2055,2025-04-16,Repair,7348.89,10.83,504318
MNT-300172,VEH-2003,2025-04-17,Repair,17644.7,16.77,579618
MNT-300173,VEH-2013,2025-04-18,Repair,8963.32,12.4,364726
MNT-300174,VEH-2029,2025-04-19,Repair,8064.02,10.57,728444
MNT-300175,VEH-2109,2025-04-21,Service,6936.24,15.55,457530
MNT-300176,VEH-2058,2025-04-22,Tyres,10229.99,1,241666
MNT-300177,VEH-2006,2025-04-23,Repair,20521.31,5.85,659167
MNT-300178,VEH-2108,2025-04-24,Tyres,7663.94,7.54,793466
MNT-300179,VEH-2001,2025-04-25,Service,8663.72,1,800081
MNT-300180,VEH-2061,2025-04-26,Service,6497.55,6.67,323555
MNT-300181,VEH-2100,2025-04-28,Tyres,7863.58,7.09,681524
MNT-300182,VEH-2056,2025-04-29,Service,8644.34,9.05,679504
MNT-300183,VEH-2112,2025-04-30,Service,2632.73,9.73,206470
MNT-300184,VEH-2071,2025-05-01,Repair,11511.01,15.55,576348
MNT-300185,VEH-2015,2025-05-02,Repair,17659.91,11.64,876457
MNT-300186,VEH-2059,2025-05-05,Repair,20367.25,19.64,800197
MNT-300187,VEH-2055,2025-05-06,Tyres,11676.24,11.22,510480
MNT-300188,VEH-2079,2025-05-10,Repair,9126.5,4.83,694761
MNT-300189,VEH-2112,2025-05-12,Service,3858.88,7.23,207650
MNT-300190,VEH-2034,2025-05-13,Tyres,7432.79,12.1,153892
MNT-300191,VEH-2020,2025-05-14,Service,10256.41,2.82,495821
MNT-300192,VEH-2044,2025-05-17,Service,1547.18,4.85,559453
MNT-300193,VEH-2050,2025-05-19,Repair,557.58,16.43,481604
MNT-300194,VEH-2077,2025-05-20,Repair,7910.71,13.12,765948
MNT-300195,VEH-2090,2025-05-21,Repair,11380.04,23.77,777092
MNT-300196,VEH-2066,2025-05-22,Service,7948.73,10.75,578634
MNT-300197,VEH-2050,2025-05-23,Repair,466.51,10,482181
MNT-300198,VEH-2066,2025-05-24,Service,10995.18,10.99,580780
MNT-300199,VEH-2018,2025-05-26,Service,9108.47,1,589383
MNT-300200,VEH-2058,2025-05-27,Tyres,11641.58,7.74,253652
MNT-300201,VEH-2047,2025-05-28,Service,2116.58,13.79,157561
MNT-300202,VEH-2029,2025-05-29,Tyres,6250.09,3.67,745542
MNT-300203,VEH-2118,2025-05-31,Tyres,2351.79,3.2,698165
MNT-300204,VEH-2071,2025-06-02,Repair,7258.55,15.94,585918
MNT-300205,VEH-2079,2025-06-03,Repair,8760.98,22.19,696318
MNT-300206,VEH-2116,2025-06-04,Service,1985.08,9.17,455256
MNT-300207,VEH-2044,2025-06-05,Repair,2093.86,11.94,560033
MNT-300208,VEH-2053,2025-06-06,Service,353.96,1,638765
MNT-300209,VEH-2012,2025-06-07,Tyres,10539.44,8.58,594235
MNT-300210,VEH-2112,2025-06-09,Service,2192.41,10.79,209346
MNT-300211,VEH-2002,2025-06-10,Tyres,11843.82,6.01,710821
MNT-300212,VEH-2072,2025-06-11,Tyres,11335.57,10.87,848542
MNT-300213,VEH-2013,2025-06-12,Service,9882.45,1.96,381102
MNT-300214,VEH-2071,2025-06-13,Tyres,12707.28,1,588829
MNT-300215,VEH-2038,2025-06-14,Service,3991.67,1,507325
MNT-300216,VEH-2001,2025-06-16,Service,8843.18,12.3,812314
MNT-300217,VEH-2040,2025-06-17,Repair,6044.09,12.04,161445
MNT-300218,VEH-2077,2025-06-19,Repair,6336.37,12.9,768183
MNT-300219,VEH-2118,2025-06-20,Repair,3778.84,10.34,699300
MNT-300220,VEH-2035,2025-06-23,Service,2702.59,1,449005
MNT-300221,VEH-2035,2025-06-25,Service,2740.18,3.22,449208
MNT-300222,VEH-2063,2025-06-26,Tyres,12188.99,5.3,543805
MNT-300223,VEH-2001,2025-06-27,Repair,11390.45,12.74,820010
MNT-300224,VEH-2054,2025-06-28,Repair,554.28,21.21,227907
MNT-300225,VEH-2043,2025-06-30,Repair,4181.51,8.06,612452
MNT-300226,VEH-2051,2025-07-01,Repair,687.95,1,295039
MNT-300227,VEH-2083,2025-07-02,Service,3004.21,1,559896
MNT-300228,VEH-2111,2025-07-03,Repair,5872.19,21.18,227149
MNT-300229,VEH-2001,2025-07-04,Service,7585.03,3.29,821450
MNT-300230,VEH-2040,2025-07-05,Repair,4001.06,21.12,163240
MNT-300231,VEH-2054,2025-07-07,Repair,609.2,22.11,229094
MNT-300232,VEH-2004,2025-07-08,Repair,18546.4,2.32,375406
MNT-300233,VEH-2124,2025-07-09,Tyres,35.54,5.94,544051
MNT-300234,VEH-2052,2025-07-10,Repair,744.96,17.87,606590
MNT-300235,VEH-2108,2025-07-11,Service,1810.22,1,815055
MNT-300236,VEH-2032,2025-07-12,Repair,8891.54,2.46,816811
MNT-300237,VEH-2038,2025-07-14,Repair,7408.61,18.95,510910
MNT-300238,VEH-2101,2025-07-15,Repair,13504.49,12.47,284595
MNT-300239,VEH-2066,2025-07-16,Service,2143.95,7.37,593314
MNT-300240,VEH-2039,2025-07-18,Service,4779.39,10.27,748670
MNT-300241,VEH-2049,2025-07-19,Service,2274.99,1,587117
MNT-300242,VEH-2070,2025-07-21,Service,6153.96,6.88,384321
MNT-300243,VEH-2002,2025-07-23,Tyres,13056.13,9.75,727152
MNT-300244,VEH-2041,2025-07-24,Repair,7446.92,15.04,624670
MNT-300245,VEH-2031,2025-07-25,Repair,12611.68,17.85,293642
MNT-300246,VEH-2029,2025-07-26,Repair,8694.83,12.02,777463
MNT-300247,VEH-2074,2025-07-28,Service,8154.64,3.84,527357
MNT-300248,VEH-2019,2025-07-30,Repair,9077.15,26.49,871367
MNT-300249,VEH-2078,2025-07-31,Tyres,5590.63,3.99,551798
MNT-300250,VEH-2017,2025-08-01,Service,8524.72,1,657640
MNT-300251,VEH-2050,2025-08-02,Service,303.89,3.36,488220
MNT-300252,VEH-2066,2025-08-05,Service,8009.85,1.73,598789
MNT-300253,VEH-2039,2025-08-06,Repair,3806.82,11.06,750319
MNT-300254,VEH-2094,2025-08-07,Tyres,19744.89,7.49,673950
MNT-300255,VEH-2117,2025-08-08,Repair,4217.66,17.93,341920
MNT-300256,VEH-2121,2025-08-11,Service,327.97,1.09,204776
MNT-300257,VEH-2081,2025-08-12,Service,1035.71,2.81,195505
MNT-300258,VEH-2029,2025-08-13,Service,5815.87,6.15,782910
MNT-300259,VEH-2107,2025-08-14,Repair,6353.97,7.6,750172
MNT-300260,VEH-2123,2025-08-16,Service,356.79,2.13,435961
MNT-300261,VEH-2116,2025-08-18,Repair,1659.9,16.54,459545
MNT-300262,VEH-2006,2025-08-19,Tyres,14669.4,1,708489
MNT-300263,VEH-2069,2025-08-20,Repair,12675.25,8.16,749825
MNT-300264,VEH-2022,2025-08-21,Repair,8721.97,23.38,378265
MNT-300265,VEH-2107,2025-08-22,Repair,2623.73,4.5,752126
MNT-300266,VEH-2032,2025-08-23,Repair,10159.09,25.09,836915
MNT-300267,VEH-2054,2025-08-26,Repair,270.52,23.08,231561
MNT-300268,VEH-2075,2025-08-27,Service,2517.57,1,410874
MNT-300269,VEH-2033,2025-08-28,Service,1943.12,6.61,720108
MNT-300270,VEH-2121,2025-08-29,Service,358.77,19.44,205224
MNT-300271,VEH-2016,2025-08-30,Service,7675.11,2.51,448680
MNT-300272,VEH-2052,2025-09-01,Repair,864.5,23.13,611910
MNT-300273,VEH-2050,2025-09-02,Tyres,370.62,1,490743
MNT-300274,VEH-2123,2025-09-03,Service,543.08,1,436551
MNT-300275,VEH-2054,2025-09-04,Tyres,862.27,1.86,232572
MNT-300276,VEH-2023,2025-09-05,Service,8524.37,1,446468
MNT-300277,VEH-2009,2025-09-06,Service,7938.35,8.08,875163
MNT-300278,VEH-2051,2025-09-08,Service,375.96,7.46,299176
MNT-300279,VEH-2017,2025-09-09,Service,7647.75,1,675850
MNT-300280,VEH-2068,2025-09-10,Tyres,9728.7,1,341644
MNT-300281,VEH-2096,2025-09-12,Service,8919.96,12.92,866506
MNT-300282,VEH-2046,2025-09-13,Repair,2906.24,12.7,515217
MNT-300283,VEH-2098,2025-09-15,Service,9240.28,1,385509
MNT-300284,VEH-2060,2025-09-16,Service,5908.88,1,768543
MNT-300285,VEH-2043,2025-09-18,Service,1886.35,1,617549
MNT-300286,VEH-2070,2025-09-19,Service,7197.89,10.28,405985
MNT-300287,VEH-2025,2025-09-22,Service,3918.99,1.87,415096
MNT-300288,VEH-2123,2025-09-23,Tyres,610.08,5.06,437303
MNT-300289,VEH-2060,2025-09-24,Tyres,13054.3,2.88,770699
MNT-300290,VEH-2029,2025-09-25,Repair,8171.94,12.31,804024
MNT-300291,VEH-2094,2025-09-26,Repair,14871.73,13.87,705126
MNT-300292,VEH-2022,2025-09-27,Repair,7371.88,16.31,392812
MNT-300293,VEH-2087,2025-09-29,Repair,499.97,14.21,235666
MNT-300294,VEH-2112,2025-09-30,Repair,5954.06,17.25,217038
MNT-300295,VEH-2034,2025-10-01,Tyres,5351.61,2.23,167945
MNT-300296,VEH-2018,2025-10-02,Service,9007.09,1,633443
MNT-300297,VEH-2093,2025-10-03,Service,8462.94,11.61,693904
MNT-300298,VEH-2079,2025-10-06,Repair,6028.24,18.73,708115
MNT-300299,VEH-2070,2025-10-07,Service,8952.1,1,412547
MNT-300300,VEH-2005,2025-10-08,Repair,22438.29,12.9,533891
MNT-300301,VEH-2054,2025-10-09,Tyres,300.74,14.69,234747
MNT-300302,VEH-2014,2025-10-11,Service,9436.24,1.42,316676
MNT-300303,VEH-2013,2025-10-13,Tyres,12313.19,1,441291
MNT-300304,VEH-2100,2025-10-14,Service,10528.36,1,755514
MNT-300305,VEH-2001,2025-10-15,Service,11061.74,3.31,869690
MNT-300306,VEH-2063,2025-10-16,Repair,21988.89,9.24,584445
MNT-300307,VEH-2100,2025-10-18,Service,7384.86,1.24,756916
MNT-300308,VEH-2029,2025-10-20,Service,4995.35,1,815719
MNT-300309,VEH-2123,2025-10-21,Tyres,488.57,2.34,438944
MNT-300310,VEH-2107,2025-10-22,Repair,3332.31,13.4,765250
MNT-300311,VEH-2042,2025-10-23,Repair,3261.6,9.51,572289
MNT-300312,VEH-2098,2025-10-24,Repair,10828.99,14.23,405621
MNT-300313,VEH-2092,2025-10-27,Service,10259.96,5.32,457452
MNT-300314,VEH-2005,2025-10-28,Service,6100.31,1,546551
MNT-300315,VEH-2038,2025-10-29,Tyres,5385.91,1,525004
MNT-300316,VEH-2042,2025-10-30,Repair,5728.25,14.54,572782
MNT-300317,VEH-2016,2025-10-31,Repair,15933.89,12.42,471795
MNT-300318,VEH-2008,2025-11-03,Repair,23339.24,1,603292
MNT-300319,VEH-2054,2025-11-04,Service,341.37,1,236170
MNT-300320,VEH-2012,2025-11-05,Repair,11888.33,3.51,665942
MNT-300321,VEH-2036,2025-11-06,Repair,7549.89,13.71,198536
MNT-300322,VEH-2003,2025-11-07,Service,11501.58,6.82,670744
MNT-300323,VEH-2008,2025-11-08,Repair,21457.97,1.27,608657
MNT-300324,VEH-2043,2025-11-10,Service,1384.36,4.79,621909
MNT-300325,VEH-2117,2025-11-11,Repair,2541.93,15,346041
MNT-300326,VEH-2102,2025-11-12,Tyres,9441.43,1,618307
MNT-300327,VEH-2109,2025-11-13,Service,5301.57,1,502729
MNT-300328,VEH-2046,2025-11-14,Service,2333.46,1,519673
MNT-300329,VEH-2101,2025-11-15,Service,11127.66,1,355406
MNT-300330,VEH-2054,2025-11-17,Service,203.73,4.73,237114
MNT-300331,VEH-2017,2025-11-18,Service,6358.33,7.22,717470
MNT-300332,VEH-2049,2025-11-19,Tyres,2686.24,2.44,596276
MNT-300333,VEH-2085,2025-11-20,Tyres,3285.59,2.21,311275
MNT-300334,VEH-2035,2025-11-21,Tyres,4370.51,3.67,465687
MNT-300335,VEH-2019,2025-11-22,Repair,17339.06,11.6,923188
MNT-300336,VEH-2031,2025-11-24,Repair,6116.95,15.47,350359
MNT-300337,VEH-2039,2025-11-25,Repair,4845.56,13.25,765684
MNT-300338,VEH-2064,2025-11-26,Repair,15129.63,16.9,598260
MNT-300339,VEH-2071,2025-11-27,Service,4308.9,21.04,638456
MNT-300340,VEH-2098,2025-11-28,Repair,18180.19,12.83,427558
MNT-300341,VEH-2009,2025-11-29,Repair,9469.85,13.45,919607
MNT-300342,VEH-2001,2025-12-01,Service,8298.29,1,895354
MNT-300343,VEH-2123,2025-12-03,Repair,474.04,13.84,440441
MNT-300344,VEH-2114,2025-12-05,Service,3058.7,1.23,492975
MNT-300345,VEH-2058,2025-12-06,Tyres,12257.13,2.98,335015
MNT-300346,VEH-2061,2025-12-08,Repair,18288.18,21.18,399397
MNT-300347,VEH-2042,2025-12-09,Tyres,2306.91,1,576833
MNT-300348,VEH-2120,2025-12-10,Tyres,3104.58,16.36,672514
MNT-300349,VEH-2066,2025-12-11,Repair,17294.94,19.39,646702
MNT-300350,VEH-2119,2025-12-13,Repair,4239.45,14.29,693453
MNT-300351,VEH-2011,2025-12-15,Tyres,11909.27,1,861396
MNT-300352,VEH-2095,2025-12-16,Tyres,13862.26,5.15,664449
MNT-300353,VEH-2091,2025-12-17,Service,8504.83,7.83,773093
MNT-300354,VEH-2118,2025-12-18,Tyres,4139.68,7.52,709148
MNT-300355,VEH-2055,2025-12-19,Repair,11242.12,16.42,583749
MNT-300356,VEH-2042,2025-12-20,Service,1939.63,6.34,577873
MNT-300357,VEH-2012,2025-12-23,Repair,18384.07,10.22,695168
MNT-300358,VEH-2046,2025-12-25,Repair,3606.95,13.36,522471
MNT-300359,VEH-2001,2025-12-26,Repair,15211.45,9.33,903717
MNT-300360,VEH-2047,2025-12-29,Repair,3408.86,14.05,173189
MNT-300361,VEH-2048,2025-12-30,Repair,3391.55,10.34,392846
MNT-300362,VEH-2067,2025-12-31,Service,3883.57,12.89,669212
MNT-300363,VEH-2081,2026-01-01,Tyres,2806.85,1,207218
MNT-300364,VEH-2088,2026-01-02,Repair,478.33,21.08,661666
MNT-300365,VEH-2070,2026-01-03,Repair,12492.97,25.07,450279
MNT-300366,VEH-2013,2026-01-05,Repair,19347.3,8.03,489948
MNT-300367,VEH-2064,2026-01-08,Tyres,22250.35,3.69,616226
MNT-300368,VEH-2047,2026-01-10,Tyres,3786.84,1.65,175181
MNT-300369,VEH-2062,2026-01-12,Repair,16289.9,12.53,718624
MNT-300370,VEH-2110,2026-01-13,Tyres,4561.59,2.81,693728
MNT-300371,VEH-2014,2026-01-14,Service,13480.49,4.97,373109
MNT-300372,VEH-2101,2026-01-15,Repair,15007.1,21.67,381714
MNT-300373,VEH-2096,2026-01-19,Service,5456.28,1,927087
MNT-300374,VEH-2102,2026-01-20,Service,4724.2,3.3,629337
MNT-300375,VEH-2121,2026-01-21,Repair,911.34,9.31,210374
MNT-300376,VEH-2026,2026-01-22,Service,7665.32,2.42,403600
MNT-300377,VEH-2042,2026-01-23,Service,2023.77,1,579909
MNT-300378,VEH-2099,2026-01-24,Repair,15650.83,6.43,934344
MNT-300379,VEH-2035,2026-01-26,Tyres,4184.18,6.93,470772
MNT-300380,VEH-2021,2026-01-27,Service,7383.05,1.59,568903
MNT-300381,VEH-2114,2026-01-28,Tyres,5794.17,1,497043
MNT-300382,VEH-2094,2026-01-29,Repair,11355.09,14.05,776761
MNT-300383,VEH-2060,2026-01-30,Service,5801.44,3.79,816890
MNT-300384,VEH-2002,2026-01-31,Repair,10293.35,6.85,827628
MNT-300385,VEH-2079,2026-02-02,Tyres,6852.76,9.05,719038
MNT-300386,VEH-2091,2026-02-04,Tyres,9565.96,8.36,796515
MNT-300387,VEH-2001,2026-02-05,Service,6063.05,15.29,928199
MNT-300388,VEH-2041,2026-02-06,Repair,5169.95,16.78,646206
MNT-300389,VEH-2020,2026-02-07,Repair,19947.42,19.59,651300
MNT-300390,VEH-2113,2026-02-09,Repair,7250.19,4.92,728596
MNT-300391,VEH-2024,2026-02-10,Tyres,8554.76,5.54,979008
MNT-300392,VEH-2063,2026-02-11,Service,10567.28,10.73,627695
MNT-300393,VEH-2103,2026-02-12,Service,4074.47,2.53,465995
MNT-300394,VEH-2107,2026-02-13,Repair,10699.52,14.14,792001
MNT-300395,VEH-2037,2026-02-14,Service,3893.62,1,370661
MNT-300396,VEH-2093,2026-02-16,Repair,21031.29,7.95,759711
MNT-300397,VEH-2006,2026-02-17,Repair,10328.66,13.34,780210
MNT-300398,VEH-2026,2026-02-18,Service,7411.76,6.18,415388
MNT-300399,VEH-2047,2026-02-19,Tyres,3665.66,1,178810
MNT-300400,VEH-2095,2026-02-20,Repair,14563.46,20.89,686422
MNT-300401,VEH-2038,2026-02-21,Repair,7314.33,16.77,538713
MNT-300402,VEH-2105,2026-02-24,Tyres,9058.44,7.37,567089
MNT-300403,VEH-2085,2026-02-26,Service,2168.62,1,319535
MNT-300404,VEH-2119,2026-02-27,Service,2117.48,3.34,697620
MNT-300405,VEH-2041,2026-02-28,Service,3570.91,1,648258
MNT-300406,VEH-2056,2026-03-02,Service,8034.15,2.47,771797
MNT-300407,VEH-2021,2026-03-04,Tyres,8030.91,9.79,585418
MNT-300408,VEH-2074,2026-03-05,Service,7360.2,9,594335
MNT-300409,VEH-2019,2026-03-06,Repair,14635.72,9.32,964910
MNT-300410,VEH-2082,2026-03-07,Repair,3949.48,12.37,292571
MNT-300411,VEH-2054,2026-03-09,Tyres,391.57,13.1,245991
MNT-300412,VEH-2050,2026-03-10,Service,467.63,4.86,507740
MNT-300413,VEH-2082,2026-03-11,Service,1802.84,6.69,292984
MNT-300414,VEH-2079,2026-03-12,Service,3186.37,4.71,722308
MNT-300415,VEH-2072,2026-03-13,Service,7321.15,11.43,937483
MNT-300416,VEH-2066,2026-03-14,Repair,17438.68,11.58,679773
MNT-300417,VEH-2063,2026-03-16,Tyres,8549.26,1,631363
MNT-300418,VEH-2020,2026-03-17,Repair,7991,20.99,662314
MNT-300419,VEH-2063,2026-03-18,Repair,20281.35,2.83,631927
MNT-300420,VEH-2009,2026-03-19,Service,8588.72,9.29,971581
MNT-300421,VEH-2121,2026-03-20,Repair,625.5,6.29,212771
MNT-300422,VEH-2026,2026-03-23,Tyres,12622.05,10.81,432777
MNT-300423,VEH-2013,2026-03-24,Tyres,3344,9.48,525004
MNT-300424,VEH-2017,2026-03-25,Service,4887.98,11.18,780111
MNT-300425,VEH-2046,2026-03-27,Repair,3760.86,10.45,529656
MNT-300426,VEH-2121,2026-03-30,Repair,764.69,20.19,213068
MNT-300427,VEH-2121,2026-03-31,Repair,849.36,10.62,213068
MNT-300428,VEH-2030,2026-04-01,Tyres,8796.65,5.3,674712
MNT-300429,VEH-2119,2026-04-02,Repair,4800.54,11.95,700660
MNT-300430,VEH-2071,2026-04-03,Repair,7098.74,19.48,684571
MNT-300431,VEH-2008,2026-04-04,Repair,16893.76,10.6,668014
MNT-300432,VEH-2073,2026-04-06,Service,3820.21,10.18,504033
MNT-300433,VEH-2023,2026-04-09,Repair,12001.98,10.18,560102
MNT-300434,VEH-2109,2026-04-10,Service,1633.42,1.23,542458
MNT-300435,VEH-2021,2026-04-11,Service,6922.15,7.96,603218
MNT-300436,VEH-2097,2026-04-13,Service,8089.91,3.81,968516
MNT-300437,VEH-2049,2026-04-14,Repair,4600.94,12.54,603326
MNT-300438,VEH-2118,2026-04-15,Repair,3862.79,10.9,715154
MNT-300439,VEH-2046,2026-04-16,Service,3061.78,4.31,531794
MNT-300440,VEH-2013,2026-04-17,Tyres,15111.48,1.46,535865
MNT-300441,VEH-2064,2026-04-18,Repair,12350.05,4.07,649223
MNT-300442,VEH-2053,2026-04-21,Tyres,582.6,9.03,662439
MNT-300443,VEH-2088,2026-04-22,Repair,586.06,11.88,664828
MNT-300444,VEH-2098,2026-04-23,Service,9189.84,14.4,513773
MNT-300445,VEH-2008,2026-04-24,Repair,3883.6,12.72,676860
MNT-300446,VEH-2017,2026-04-25,Repair,16627.52,22.78,793007
MNT-300447,VEH-2005,2026-04-27,Tyres,12681.4,1,635844
MNT-300448,VEH-2079,2026-04-28,Tyres,4748.49,3.87,727018
MNT-300449,VEH-2017,2026-04-29,Service,6669.84,10.68,793007
MNT-300450,VEH-2094,2026-04-30,Service,12628.06,1,813919
MNT-300451,VEH-2019,2026-05-01,Service,3676.76,1,995273
MNT-300452,VEH-2077,2026-05-02,Service,5661.86,1.13,801139
MNT-300453,VEH-2074,2026-05-04,Service,8357.07,5.15,616488
MNT-300454,VEH-2028,2026-05-05,Repair,11828.4,14.6,664617
MNT-300455,VEH-2101,2026-05-06,Repair,11841.58,15.07,432559
MNT-300456,VEH-2057,2026-05-07,Service,9653.69,16.74,644608
MNT-300457,VEH-2097,2026-05-08,Service,10848.09,2.49,978494
MNT-300458,VEH-2089,2026-05-09,Tyres,734.42,6.35,439379
MNT-300459,VEH-2117,2026-05-11,Service,1906.29,7.53,358539
MNT-300460,VEH-2055,2026-05-12,Repair,14129.31,17.14,633688
MNT-300461,VEH-2061,2026-05-13,Repair,16361.67,14.03,452997
MNT-300462,VEH-2041,2026-05-14,Repair,8476.58,12.38,655962
MNT-300463,VEH-2123,2026-05-15,Tyres,692.24,1,445695
MNT-300464,VEH-2067,2026-05-16,Repair,8341.26,10.9,705133
MNT-300465,VEH-2059,2026-05-18,Repair,17298.04,8.29,922509
MNT-300466,VEH-2013,2026-05-19,Repair,21351.27,23,555913
MNT-300467,VEH-2072,2026-05-20,Service,8077.12,5.09,960889
MNT-300468,VEH-2122,2026-05-21,Service,363.31,5.29,169709
MNT-300469,VEH-2110,2026-05-22,Repair,7246.45,10.05,701169
MNT-300470,VEH-2106,2026-05-23,Service,5405.04,5.09,663706
MNT-300471,VEH-2114,2026-05-25,Service,3553.33,1,505525
MNT-300472,VEH-2039,2026-05-26,Repair,9354.86,11.39,787351
MNT-300473,VEH-2035,2026-05-27,Service,2975.74,8.54,484915
MNT-300474,VEH-2045,2026-05-28,Service,1418.23,9.87,655614
MNT-300475,VEH-2124,2026-05-29,Service,505.92,10.21,553966
MNT-300476,VEH-2087,2026-05-30,Service,245.28,7.46,245233
MNT-300477,VEH-2031,2026-06-01,Service,7493.68,3.33,442321
MNT-300478,VEH-2101,2026-06-03,Tyres,15945.88,22.45,446489
MNT-300479,VEH-2026,2026-06-04,Repair,9263.5,11.66,473759
MNT-300480,VEH-2110,2026-06-06,Service,3711.69,1.15,702357
MNT-300481,VEH-2016,2026-06-08,Tyres,16626.81,1,565058
MNT-300482,VEH-2021,2026-06-09,Service,3634.13,8.38,629926
MNT-300483,VEH-2024,2026-06-10,Service,6439.21,1,1039488
MNT-300484,VEH-2099,2026-06-11,Repair,16913.03,10.48,997762
MNT-300485,VEH-2098,2026-06-12,Tyres,10601.74,9.75,531054
MNT-300486,VEH-2047,2026-06-13,Service,1821.61,1,185712
MNT-300487,VEH-2111,2026-06-15,Tyres,6325.66,6.21,251957
MNT-300488,VEH-2075,2026-06-16,Service,1273.45,1,435753
MNT-300489,VEH-2123,2026-06-18,Repair,686.33,12.33,447195
MNT-300490,VEH-2073,2026-06-19,Service,8471,1,528271
MNT-300491,VEH-2113,2026-06-20,Repair,5387.63,12.43,736486
MNT-300492,VEH-2097,2026-06-22,Repair,23371.86,11.57,1002821
MNT-300493,VEH-2111,2026-06-23,Repair,3425.34,16.08,251957
MNT-300494,VEH-2026,2026-06-24,Tyres,7512.34,1,487516
MNT-300495,VEH-2024,2026-06-25,Tyres,15038.34,3.05,1046168
MNT-300496,VEH-2032,2026-06-26,Service,6129.22,1,979116
MNT-300497,VEH-2121,2026-06-27,Repair,628.38,21.66,216059
MNT-300498,VEH-2120,2026-06-29,Repair,2760.55,22.67,684905
MNT-300499,VEH-2002,2026-06-30,Repair,17221.86,18.33,897449
MNT-300500,VEH-2112,2026-07-01,Service,4275.64,1,239737
MNT-300501,VEH-2084,2026-07-03,Tyres,3049.16,12.12,684623
MNT-300502,VEH-2080,2026-07-06,Repair,5149.54,16.54,807032
MNT-300503,VEH-2099,2026-07-07,Repair,13102.02,16.9,1008566
MNT-300504,VEH-2057,2026-07-08,Tyres,19842.16,1,661908
MNT-300505,VEH-2109,2026-07-09,Service,6337.36,1.04,564572
MNT-300506,VEH-2080,2026-07-10,Service,2197.42,1,807369
MNT-300507,VEH-2033,2026-07-11,Repair,5879.64,9.96,755552
MNT-300508,VEH-2101,2026-07-13,Repair,17540.04,10.88,460168
MNT-300509,VEH-2110,2026-07-14,Repair,4521.37,19.37,705744
MNT-300510,VEH-2092,2026-07-15,Tyres,13921.6,1,607107
MNT-300511,VEH-2027,2026-07-16,Repair,13074.43,11.6,1075938
MNT-300512,VEH-2044,2026-07-17,Repair,2937.48,13.13,588306
MNT-300513,VEH-2003,2026-07-20,Repair,13854.87,20.42,808047
MNT-300514,VEH-2025,2026-07-21,Service,5735.04,6.37,559661
MNT-300515,VEH-2112,2026-07-22,Service,2935.75,10.92,241305
MNT-300516,VEH-2009,2026-07-23,Tyres,14726.71,6.44,1017804
MNT-300517,VEH-2096,2026-07-24,Repair,13041.98,1,1022145
MNT-300518,VEH-2097,2026-07-25,Service,13608.29,9.28,1026277
MNT-300519,VEH-2010,2026-07-27,Repair,11935.95,21.88,930494
MNT-300520,VEH-2020,2026-07-28,Service,9922.36,5.52,724451
MNT-300521,VEH-2067,2026-07-29,Service,5923.02,1,727868
MNT-300522,VEH-2077,2026-07-30,Repair,9057.06,7.54,808969
MNT-300523,VEH-2101,2026-07-31,Service,13129.59,8.06,469152
MNT-300524,VEH-2022,2026-08-01,Service,6863.11,4.43,548223
MNT-300525,VEH-2019,2026-08-03,Repair,14587.33,14.34,1041931
MNT-300526,VEH-2109,2026-08-04,Repair,11959.25,29.03,571776
MNT-300527,VEH-2111,2026-08-05,Tyres,5624.2,12.65,255402
MNT-300528,VEH-2009,2026-08-06,Repair,4262.17,19.89,1024032
MNT-300529,VEH-2067,2026-08-08,Service,5472.57,1.89,729677
MNT-300530,VEH-2036,2026-08-10,Tyres,3510.6,1.18,229059
MNT-300531,VEH-2058,2026-08-11,Repair,17007.89,16.99,431712
MNT-300532,VEH-2061,2026-08-12,Service,9146.91,20.37,481276
MNT-300533,VEH-2099,2026-08-13,Repair,14002.69,7.32,1024593
MNT-300534,VEH-2018,2026-08-14,Service,9015.94,6.36,767132
MNT-300535,VEH-2029,2026-08-17,Repair,7767.01,2.82,949035
MNT-300536,VEH-2090,2026-08-18,Tyres,15818.64,1,1001590
MNT-300537,VEH-2055,2026-08-19,Repair,8002.92,19.61,664713
MNT-300538,VEH-2038,2026-08-20,Service,2404.66,1,556456
MNT-300539,VEH-2089,2026-08-21,Repair,511.05,16.4,441857
MNT-300540,VEH-2119,2026-08-22,Service,1398.72,1,709512
MNT-300541,VEH-2029,2026-08-25,Repair,11263.28,15.7,953340
MNT-300542,VEH-2112,2026-08-27,Service,3782.09,2.87,243177
MNT-300543,VEH-2095,2026-08-28,Service,9512.84,3.56,790264
MNT-300544,VEH-2031,2026-08-29,Service,5591,1,492041
MNT-300545,VEH-2072,2026-08-31,Repair,7690.32,11.98,1002387
