branch_code,branch_name,province,city,opened_date
SF-JHB,Johannesburg CBD,Gauteng,Johannesburg,2017-07-30
SF-PTA,Pretoria Central,Gauteng,Pretoria,2022-03-07
SF-DBN,Durban Point,KwaZulu-Natal,Durban,2022-11-16
SF-PMB,Pietermaritzburg,KwaZulu-Natal,Pietermaritzburg,2019-03-29
SF-CPT,Cape Town Parade,Western Cape,Cape Town,2015-02-11
SF-GQE,Gqeberha Govan Mbeki ,Eastern Cape,Gqeberha,2020-08-11
SF-BFN,Bloemfontein,Free State,Bloemfontein,2019-11-11
SF-PLK,Polokwane,Limpopo,Polokwane,2016-07-26
SF-MAH,Mahikeng,North West,Mahikeng,2016-01-16
