loan_id,writeoff_date,outstanding_at_writeoff_zar,recovery_to_date_zar
LN-500017,2025-02-28,54894.12,2871.98
LN-500020,2025-02-28,18981.93,554.13
LN-500078,2025-02-28,56539.35,520.5
LN-500084,2025-02-28,41969.94,6364.96
LN-500363,2025-02-28,16002.3,931.17
LN-500496,2025-02-28,12638.45,1290.79
LN-500710,2025-02-28,37407.69,3002.66
LN-500764,2025-02-28,23032.9,1446.48
LN-500167,2025-03-31,31858.79,605.3
LN-500409,2025-03-31,50047.61,8257.74
LN-500414,2025-03-31,32390.89,4291.09
LN-500416,2025-03-31,38289.99,1787.2
LN-500421,2025-03-31,23818.35,3417.03
LN-500427,2025-03-31,23898.43,0
LN-500724,2025-03-31,42575.48,1476.92
LN-500737,2025-03-31,17259.33,1921.81
LN-500891,2025-03-31,36863.99,3885.87
LN-500915,2025-03-31,15441.7,1509.85
LN-500934,2025-03-31,19572.3,2902.98
LN-501061,2025-03-31,44112.76,853.34
LN-501199,2025-03-31,53325.8,0
LN-501207,2025-03-31,18345.33,1571.29
LN-501210,2025-03-31,31662.43,2786.45
LN-501276,2025-03-31,37329.45,2815.65
LN-501312,2025-03-31,13172.85,1260.16
LN-501524,2025-03-31,20630.01,1942.75
LN-501620,2025-03-31,53272.04,2428.62
LN-500246,2025-04-30,25277.85,526.99
LN-500308,2025-04-30,28039.85,3570.74
LN-500349,2025-04-30,10235.74,1252.84
LN-500390,2025-04-30,27291.18,2527
LN-500441,2025-04-30,22486.35,3853.14
LN-500552,2025-04-30,25397.84,3209.21
LN-500559,2025-04-30,46570.93,697.36
LN-500627,2025-04-30,35185.8,520.29
LN-500726,2025-04-30,12518.17,1688.7
LN-500865,2025-04-30,29739.89,0
LN-500898,2025-04-30,21224.55,1084.42
LN-501027,2025-04-30,20362.27,1263.66
LN-501040,2025-04-30,8000.73,802.86
LN-501090,2025-04-30,14113.72,1600.99
LN-501185,2025-04-30,16440.2,2112.23
LN-501208,2025-04-30,50100.7,0
LN-501216,2025-04-30,45649.96,1467.24
LN-501230,2025-04-30,51088.3,5776.39
LN-501455,2025-04-30,39870.28,5497.63
LN-501776,2025-04-30,23765.99,0
LN-501878,2025-04-30,34503.55,5460.23
LN-501939,2025-04-30,21608.75,705.48
LN-502012,2025-04-30,53663.35,4597.11
LN-502103,2025-04-30,20512.86,1090.93
LN-502132,2025-04-30,31700.3,419.75
LN-502310,2025-04-30,44645.71,5433.95
LN-502391,2025-04-30,10956.55,720.79
LN-500006,2025-05-31,9909.82,734.76
LN-500175,2025-05-31,32312.11,2555.74
LN-500177,2025-05-31,29783.04,3298.03
LN-500324,2025-05-31,20739.65,3759.62
LN-500366,2025-05-31,12315.8,1277.19
LN-500461,2025-05-31,42801.57,0
LN-500497,2025-05-31,47646.19,2865.65
LN-500544,2025-05-31,24728.32,3775.74
LN-500616,2025-05-31,46932.72,6162.07
LN-500777,2025-05-31,24517.66,1991.45
LN-500809,2025-05-31,40569.02,199.71
LN-500909,2025-05-31,15975.2,709.28
LN-500983,2025-05-31,24896.35,2016.94
LN-501190,2025-05-31,30884.28,3198.91
LN-501228,2025-05-31,32857.22,3093.16
LN-501262,2025-05-31,38467.9,1947.82
LN-501375,2025-05-31,50116.11,3242.16
LN-501515,2025-05-31,36912.23,0
LN-501541,2025-05-31,18652.01,2583.21
LN-501554,2025-05-31,19095.51,0
LN-501743,2025-05-31,44167.45,6320.18
LN-501800,2025-05-31,21995.22,4591.32
LN-501921,2025-05-31,34453.08,0
LN-501927,2025-05-31,26070.61,1332.76
LN-501971,2025-05-31,44245.31,3894.88
LN-502206,2025-05-31,51675.26,2265.05
LN-502209,2025-05-31,30628.66,3351.82
LN-502287,2025-05-31,42079.96,4342.95
LN-502291,2025-05-31,37876.7,0
LN-502376,2025-05-31,36353.36,1978.07
LN-502405,2025-05-31,22590.27,0
LN-502415,2025-05-31,25601.46,4412.77
LN-502465,2025-05-31,53224.64,1253.73
LN-502574,2025-05-31,23996.43,1908.67
LN-502591,2025-05-31,22938.61,1160.66
LN-502808,2025-05-31,44904.54,9853.36
LN-502811,2025-05-31,26545.3,2530.56
LN-502848,2025-05-31,35064.15,2881.01
LN-502866,2025-05-31,34533.84,1431.25
LN-502949,2025-05-31,53792.29,4661.57
LN-502968,2025-05-31,54662.36,3634.09
LN-502977,2025-05-31,26093.9,723.44
LN-502979,2025-05-31,55058.5,5532.33
LN-502986,2025-05-31,54695.35,3932.59
LN-502994,2025-05-31,12484.26,1531.51
LN-503149,2025-05-31,32260.95,3268.72
LN-503326,2025-05-31,55538.35,0
LN-503340,2025-05-31,17934.15,344.56
LN-500011,2025-06-30,11864.67,1797.73
LN-500328,2025-06-30,23901.74,2926.89
LN-500438,2025-06-30,9915.81,683.72
LN-500547,2025-06-30,34105.57,1044.48
LN-500598,2025-06-30,11131.32,826.33
LN-500815,2025-06-30,10868.07,926.82
LN-500868,2025-06-30,33417.26,722.93
LN-501098,2025-06-30,20640.05,1002.27
LN-501145,2025-06-30,21544.5,1342.59
LN-501371,2025-06-30,47580.15,1518.47
LN-501423,2025-06-30,9018.78,585.8
LN-501465,2025-06-30,31072.68,33.9
LN-501480,2025-06-30,16046.12,780.47
LN-501679,2025-06-30,33463.78,1709.31
LN-501725,2025-06-30,21989.82,2410.34
LN-501726,2025-06-30,17345.32,1669.36
LN-501739,2025-06-30,43855.98,7759.1
LN-501850,2025-06-30,32890.32,2478.99
LN-501886,2025-06-30,16628.54,0
LN-501925,2025-06-30,22831.75,0
LN-502140,2025-06-30,22367.92,1186.76
LN-502157,2025-06-30,18526.7,1840.29
LN-502205,2025-06-30,26816.49,0
LN-502382,2025-06-30,19724.58,2116.97
LN-502545,2025-06-30,39993.88,2057.29
LN-502653,2025-06-30,22621.27,2778.2
LN-502669,2025-06-30,21471.07,3137.79
LN-502725,2025-06-30,27500.71,1021.74
LN-502733,2025-06-30,50600.58,1353.02
LN-502800,2025-06-30,24991.59,1601.14
LN-502844,2025-06-30,45671.66,3414.42
LN-502855,2025-06-30,50768.52,0
LN-502995,2025-06-30,32673.15,1762.05
LN-503273,2025-06-30,9751.04,1842.89
LN-503329,2025-06-30,16855.05,979.77
LN-503333,2025-06-30,16282.88,1239.17
LN-503439,2025-06-30,15252,727.16
LN-503522,2025-06-30,32040.97,2880.81
LN-503523,2025-06-30,24105.85,3848.46
LN-503579,2025-06-30,45155.75,2306.66
LN-503599,2025-06-30,41231.25,214.42
LN-503921,2025-06-30,55112.36,1126.62
LN-500241,2025-07-31,41931.78,1608.48
LN-500430,2025-07-31,26794.64,981.95
LN-500646,2025-07-31,17301.09,0
LN-500650,2025-07-31,5828.7,610.99
LN-500939,2025-07-31,18813.98,179.01
LN-501011,2025-07-31,24493.1,2004.44
LN-501494,2025-07-31,31881.33,2147.88
LN-501713,2025-07-31,21674.63,1442.05
LN-501888,2025-07-31,22448.61,2754.93
LN-501983,2025-07-31,16099.39,1400.64
LN-502080,2025-07-31,7672.42,204.46
LN-502348,2025-07-31,10908.29,422.57
LN-502414,2025-07-31,15393.18,968.83
LN-502418,2025-07-31,46763.68,3133.59
LN-502419,2025-07-31,27617.54,999.07
LN-502423,2025-07-31,40146.7,816.31
LN-502616,2025-07-31,51640.73,1118.85
LN-502845,2025-07-31,19161.69,0
LN-502965,2025-07-31,28989.67,1617.04
LN-503140,2025-07-31,41406.56,6298.82
LN-503179,2025-07-31,45779.46,3363.25
LN-503216,2025-07-31,38308.13,606.57
LN-503320,2025-07-31,20301.13,1203.49
LN-503360,2025-07-31,45555.09,2767.01
LN-503622,2025-07-31,42926.94,588.35
LN-503700,2025-07-31,42452.26,5442.19
LN-503708,2025-07-31,32827.92,2085.29
LN-503743,2025-07-31,39999.25,1550.52
LN-503745,2025-07-31,29477.84,620.82
LN-503746,2025-07-31,44820.93,2176.83
LN-503761,2025-07-31,50794.55,2759.54
LN-503841,2025-07-31,17837.04,2321.43
LN-503899,2025-07-31,38331.43,1332.22
LN-503912,2025-07-31,45547,3838.57
LN-503974,2025-07-31,37097.31,4024.67
LN-503992,2025-07-31,47874.85,5287.64
LN-504030,2025-07-31,32893.29,3255.66
LN-504066,2025-07-31,56539.35,6024.79
LN-504114,2025-07-31,51737.92,5150.61
LN-504119,2025-07-31,47680.11,976.83
LN-504131,2025-07-31,24972.6,3671.8
LN-504233,2025-07-31,47874.85,1849.42
LN-504271,2025-07-31,16707.26,1539.72
LN-504315,2025-07-31,12358.69,109.39
LN-504377,2025-07-31,21772.72,1507.63
LN-504508,2025-07-31,53169.06,4210.74
LN-504648,2025-07-31,27072.28,3313.3
LN-504654,2025-07-31,28247.05,1325.2
LN-500140,2025-08-31,24788.97,442.8
LN-500190,2025-08-31,23794.46,2015.82
LN-500192,2025-08-31,20401.29,639.59
LN-500207,2025-08-31,10088.17,304.02
LN-500259,2025-08-31,34759.54,0
LN-500410,2025-08-31,14165.59,82.18
LN-500440,2025-08-31,12721.81,1364.86
LN-500462,2025-08-31,24428.49,1594.44
LN-500529,2025-08-31,9593.83,871.22
LN-500564,2025-08-31,2938.37,354.74
LN-500625,2025-08-31,20758.92,1823.25
LN-500768,2025-08-31,15114.36,1280.91
LN-501039,2025-08-31,23268.06,2298.56
LN-501077,2025-08-31,22062.41,418.83
LN-501095,2025-08-31,7491.4,779.47
LN-501575,2025-08-31,10673.22,935.28
LN-501615,2025-08-31,21257.79,372.04
LN-501803,2025-08-31,38591.75,4148.66
LN-501942,2025-08-31,23216.12,413.42
LN-501944,2025-08-31,20877.69,2007.93
LN-501979,2025-08-31,36498.56,3218.21
LN-502265,2025-08-31,14529.88,931.99
LN-502290,2025-08-31,24635.79,1612.13
LN-502304,2025-08-31,13554.02,1443.05
LN-502342,2025-08-31,25495.08,1439.31
LN-502392,2025-08-31,24308.49,1262.08
LN-502564,2025-08-31,14219.96,934.97
LN-502682,2025-08-31,25664.5,1390.52
LN-502691,2025-08-31,43009.68,3131.16
LN-503144,2025-08-31,16337.89,547.13
LN-503163,2025-08-31,25303.39,2443.88
LN-503233,2025-08-31,33527.15,4654.31
LN-503551,2025-08-31,42642.29,7155.03
LN-503563,2025-08-31,12475.08,833.09
LN-503656,2025-08-31,40980.61,1033.53
LN-503679,2025-08-31,48496.37,7148.11
LN-503698,2025-08-31,24093.28,3027.69
LN-503804,2025-08-31,29901.17,0
LN-503978,2025-08-31,14738.21,0
LN-504175,2025-08-31,52073.98,3488.87
LN-504180,2025-08-31,16945.21,1252.94
LN-504202,2025-08-31,29815.37,1535.73
LN-504290,2025-08-31,25365.72,2189.46
LN-504330,2025-08-31,25171.11,2545.85
LN-504350,2025-08-31,52514.97,6667.88
LN-504440,2025-08-31,11256.84,2205.38
LN-504519,2025-08-31,33662.09,2105.41
LN-504622,2025-08-31,19796.88,1041.16
LN-504681,2025-08-31,24412,1149.01
LN-504788,2025-08-31,10624.74,737.37
LN-504836,2025-08-31,25668.64,3559.16
LN-504985,2025-08-31,18244.9,2086.39
LN-505057,2025-08-31,30749.01,1901.9
LN-505147,2025-08-31,12983.27,1460.01
LN-505221,2025-08-31,56539.35,7989.86
LN-505272,2025-08-31,23922.85,1710.91
LN-505326,2025-08-31,24771.61,1194.4
LN-505360,2025-08-31,13573.54,0
LN-505423,2025-08-31,43447.62,6680.07
LN-505438,2025-08-31,43203.78,628.3
LN-500033,2025-09-30,9293.94,1719.74
LN-500047,2025-09-30,10065.55,123.45
LN-500260,2025-09-30,18051.35,1612.85
LN-500314,2025-09-30,17776.47,957.82
LN-500420,2025-09-30,19825.07,373.87
LN-500446,2025-09-30,11632.25,919.7
LN-500482,2025-09-30,14537.04,1431.74
LN-500573,2025-09-30,13378.91,695.61
LN-500905,2025-09-30,26761.79,0
LN-500984,2025-09-30,35990.48,3500.89
LN-501094,2025-09-30,40262.18,1762.57
LN-501258,2025-09-30,16036.15,1185.17
LN-501318,2025-09-30,13738.84,839.14
LN-501413,2025-09-30,43545.86,443.55
LN-501435,2025-09-30,28037.8,41.78
LN-501488,2025-09-30,8940.43,120.63
LN-501584,2025-09-30,16089,2349.55
LN-501919,2025-09-30,20508.35,297.61
LN-502119,2025-09-30,13929.9,453.4
LN-502358,2025-09-30,17493.86,1265.16
LN-502402,2025-09-30,8344.49,170.02
LN-502657,2025-09-30,20568.69,2936.99
LN-502772,2025-09-30,21476.81,1946.5
LN-502883,2025-09-30,17361.67,948.28
LN-502990,2025-09-30,15912.84,335.52
LN-503021,2025-09-30,12359.81,862.31
LN-503089,2025-09-30,18444.65,1586.63
LN-503166,2025-09-30,10725.82,457.36
LN-503440,2025-09-30,10015.7,366.13
LN-503471,2025-09-30,8502.22,1469.42
LN-503533,2025-09-30,25105.91,2001.97
LN-503624,2025-09-30,14163.68,867.15
LN-503754,2025-09-30,34525.34,3775.87
LN-503833,2025-09-30,46972.18,4059.48
LN-503843,2025-09-30,20404.9,418.83
LN-503886,2025-09-30,41669.99,4228
LN-503901,2025-09-30,18004.24,384.73
LN-503923,2025-09-30,7204.31,522.25
LN-503926,2025-09-30,26761.58,1704.72
LN-503970,2025-09-30,26614.86,664.72
LN-504008,2025-09-30,45322.67,1017.64
LN-504112,2025-09-30,6258.28,0
LN-504168,2025-09-30,13413.06,31.16
LN-504205,2025-09-30,10754.38,985.38
LN-504245,2025-09-30,50778.3,2379.06
LN-504260,2025-09-30,16444.98,124.4
LN-504375,2025-09-30,48684.9,5998.43
LN-504578,2025-09-30,49410.71,4488.3
LN-504581,2025-09-30,31293.77,1077.12
LN-504628,2025-09-30,13927.62,498.3
LN-504655,2025-09-30,10160.6,317.42
LN-504673,2025-09-30,36296.97,488.65
LN-504686,2025-09-30,14320.32,915.14
LN-504688,2025-09-30,52898.77,5536.24
LN-504820,2025-09-30,38079.25,2665.94
LN-504907,2025-09-30,48981.05,6425.66
LN-504992,2025-09-30,13034.44,1354.09
LN-505207,2025-09-30,23071.64,475.47
LN-505523,2025-09-30,25968.61,375.09
LN-505552,2025-09-30,37638.77,2974.25
LN-505650,2025-09-30,28351.01,2356.74
LN-505685,2025-09-30,15846.35,1459.48
LN-505745,2025-09-30,20898.83,545.12
LN-505758,2025-09-30,43214.88,4526.16
LN-505776,2025-09-30,53236.06,4506.08
LN-505841,2025-09-30,11893.74,1689.21
LN-505859,2025-09-30,32040.91,2157.53
LN-505917,2025-09-30,18805.55,1917.75
LN-505919,2025-09-30,24858.02,0
LN-505932,2025-09-30,40109.95,605.35
LN-506046,2025-09-30,23290.7,5.89
LN-506068,2025-09-30,52118.7,2417.96
LN-506180,2025-09-30,19560.58,1405
LN-506357,2025-09-30,43304.66,3692.31
LN-500411,2025-10-31,8905.32,742.18
LN-500543,2025-10-31,12779.12,75.32
LN-500595,2025-10-31,26635.4,2379.91
LN-500850,2025-10-31,19603.07,0
LN-500886,2025-10-31,21708.65,1177.47
LN-500969,2025-10-31,6934.03,540.22
LN-501088,2025-10-31,5864.43,566.69
LN-501162,2025-10-31,7249.84,271.15
LN-501769,2025-10-31,13204.75,1178.77
LN-501901,2025-10-31,10745.8,1146.85
LN-501982,2025-10-31,21909.34,1169.37
LN-502071,2025-10-31,15988.39,945.45
LN-502083,2025-10-31,13270.21,1328.13
LN-502180,2025-10-31,9614.24,529.69
LN-502256,2025-10-31,17992.37,1831.2
LN-502510,2025-10-31,12693.05,42.31
LN-502611,2025-10-31,20635.94,918.88
LN-502614,2025-10-31,23604.44,1518.6
LN-502794,2025-10-31,40481.25,1105.52
LN-502919,2025-10-31,32163.75,453.33
LN-503134,2025-10-31,5927.22,360.21
LN-503160,2025-10-31,41834.18,483.31
LN-503290,2025-10-31,8424.27,467.45
LN-503408,2025-10-31,27140.45,1687.15
LN-503525,2025-10-31,20557.37,579.36
LN-503587,2025-10-31,18534.7,1159.45
LN-503610,2025-10-31,20839.43,1942.51
LN-503645,2025-10-31,8525.18,735.13
LN-503767,2025-10-31,27489.31,5160.8
LN-503785,2025-10-31,9950.16,938.9
LN-503872,2025-10-31,43300.34,3847.61
LN-503918,2025-10-31,21112.87,1021.03
LN-503928,2025-10-31,37102.76,1569.86
LN-504126,2025-10-31,37001.49,1510.33
LN-504143,2025-10-31,13326.46,0
LN-504303,2025-10-31,27082.92,4581.85
LN-504412,2025-10-31,26726.18,3269.07
LN-504434,2025-10-31,35032.68,1477.95
LN-504509,2025-10-31,31675.23,0
LN-504518,2025-10-31,18275.96,1791.33
LN-504584,2025-10-31,12382.59,658.75
LN-504636,2025-10-31,12963.77,739.5
LN-504656,2025-10-31,12332.2,339.48
LN-504975,2025-10-31,32262.19,1027.5
LN-505092,2025-10-31,47259.37,430.5
LN-505250,2025-10-31,42211.24,1882.51
LN-505274,2025-10-31,18204.51,2982.6
LN-505343,2025-10-31,24956.11,2056.54
LN-505419,2025-10-31,50022.24,5731.72
LN-505521,2025-10-31,19515.37,2424.42
LN-505542,2025-10-31,26518.74,2099.19
LN-505558,2025-10-31,17606.95,1966.87
LN-505575,2025-10-31,10136.42,1773.38
LN-505725,2025-10-31,23315.9,1071.17
LN-505889,2025-10-31,22733.63,2589.65
LN-505978,2025-10-31,39981.61,7009.73
LN-506227,2025-10-31,43727.01,5058.71
LN-506329,2025-10-31,47038.87,2201.26
LN-506404,2025-10-31,52874.22,4792.64
LN-506413,2025-10-31,31063.58,2042.1
LN-506468,2025-10-31,56539.35,8311.23
LN-506551,2025-10-31,17140.84,63.87
LN-506867,2025-10-31,29378.4,5169.94
LN-506983,2025-10-31,52166.67,915.76
LN-507013,2025-10-31,28808.49,1443.87
LN-507094,2025-10-31,21982.29,1517.49
LN-507120,2025-10-31,41791.85,5399.53
LN-500477,2025-11-30,17033.54,294.39
LN-500531,2025-11-30,5270.69,69.34
LN-500532,2025-11-30,27332.67,3051.94
LN-500890,2025-11-30,32476.32,1764.41
LN-501137,2025-11-30,16745.32,1908.8
LN-501295,2025-11-30,22731.33,0
LN-501754,2025-11-30,30895.79,2403.14
LN-501825,2025-11-30,3632.65,507.34
LN-501832,2025-11-30,36445.6,3255
LN-502521,2025-11-30,29714.32,2394.9
LN-502587,2025-11-30,39391.64,1984.82
LN-502597,2025-11-30,5512.14,237.9
LN-502740,2025-11-30,11105.58,1328.66
LN-502785,2025-11-30,44916.27,2781.83
LN-502975,2025-11-30,5078.79,784.86
LN-503029,2025-11-30,12460.78,1000.57
LN-503235,2025-11-30,12631.24,1573.39
LN-503353,2025-11-30,22612.84,1695.86
LN-503479,2025-11-30,27931.9,1664.86
LN-503688,2025-11-30,13881.8,503.17
LN-503812,2025-11-30,30702.58,1693.19
LN-503849,2025-11-30,20790.6,391.86
LN-504192,2025-11-30,27641.57,2663.82
LN-504293,2025-11-30,17733.95,413.3
LN-504421,2025-11-30,16684.93,1005.57
LN-504546,2025-11-30,18579.37,491.87
LN-504642,2025-11-30,17806.81,1312.08
LN-504828,2025-11-30,21787.92,1443.27
LN-504867,2025-11-30,30889.72,1271.17
LN-504928,2025-11-30,50026.02,2086.29
LN-504983,2025-11-30,11656.75,1346.99
LN-505046,2025-11-30,21061.81,633.44
LN-505112,2025-11-30,44945.64,4429.64
LN-505169,2025-11-30,32524.83,2433.75
LN-505224,2025-11-30,35004.16,933.67
LN-505306,2025-11-30,19671.55,985.55
LN-505327,2025-11-30,42871.14,3457.48
LN-505460,2025-11-30,46904.49,2609.34
LN-505504,2025-11-30,41964.97,2440.26
LN-505695,2025-11-30,17475.6,1721.1
LN-505759,2025-11-30,39373.8,6512.15
LN-505858,2025-11-30,20015.66,0
LN-505921,2025-11-30,24144.04,1852.82
LN-505966,2025-11-30,40705.35,4280.94
LN-506015,2025-11-30,14009.67,715.57
LN-506018,2025-11-30,38193.09,4084.13
LN-506088,2025-11-30,31739.75,495.56
LN-506204,2025-11-30,15955.98,951.52
LN-506235,2025-11-30,47473.45,478.74
LN-506332,2025-11-30,14817.54,2027.17
LN-506377,2025-11-30,26195.26,183.59
LN-506504,2025-11-30,26622.91,1387.17
LN-506519,2025-11-30,54576.63,8969.83
LN-506635,2025-11-30,22496.45,1203.67
LN-506667,2025-11-30,31479.19,1882.88
LN-506673,2025-11-30,33101.83,2584.87
LN-506737,2025-11-30,19468.13,2718.89
LN-506745,2025-11-30,44040.22,5001.71
LN-506806,2025-11-30,51983.28,835.59
LN-506827,2025-11-30,42055.74,2404.55
LN-506854,2025-11-30,9505.03,701.52
LN-506948,2025-11-30,42882.42,2530.7
LN-506976,2025-11-30,15514.62,1089.78
LN-507100,2025-11-30,9290.57,481.75
LN-507108,2025-11-30,36901.14,7841.52
LN-507287,2025-11-30,22935.09,345.81
LN-507314,2025-11-30,23241.53,1285.47
LN-507320,2025-11-30,25057.9,2201.53
LN-507450,2025-11-30,28473,3382.35
LN-507489,2025-11-30,27665.73,1889.96
LN-507496,2025-11-30,32009.16,4016.62
LN-507499,2025-11-30,17826.36,1072.43
LN-507571,2025-11-30,31700.3,2604.13
LN-507581,2025-11-30,54953.87,1383.15
LN-507613,2025-11-30,25533.25,2897.84
LN-507626,2025-11-30,44918.6,4745.09
LN-507645,2025-11-30,18627.06,566.77
LN-507663,2025-11-30,37409.18,0
LN-507750,2025-11-30,25069.72,562.51
LN-507782,2025-11-30,42913.15,0
LN-507822,2025-11-30,22384.9,1864.11
LN-507862,2025-11-30,56539.35,8593.31
LN-507949,2025-11-30,24412,1816.45
LN-500055,2025-12-31,9815.58,337.11
LN-500068,2025-12-31,27425.55,1512.62
LN-501066,2025-12-31,13183.41,133.82
LN-501079,2025-12-31,24740.84,1021.54
LN-501347,2025-12-31,11669.25,849.64
LN-501470,2025-12-31,31075.83,1059.32
LN-501476,2025-12-31,12919.18,358.81
LN-501511,2025-12-31,9188.15,377.13
LN-501564,2025-12-31,23450.02,2027.4
LN-501626,2025-12-31,9959.16,754.47
LN-501676,2025-12-31,23036.17,0
LN-501960,2025-12-31,29955.61,3682.7
LN-502433,2025-12-31,21081.75,2100.91
LN-502607,2025-12-31,5235.34,199.95
LN-503001,2025-12-31,36369.82,0
LN-503114,2025-12-31,24970.12,4038.78
LN-503242,2025-12-31,10814.92,1800.7
LN-503699,2025-12-31,10131.78,0
LN-503852,2025-12-31,22655.66,2107.43
LN-504016,2025-12-31,14709.09,2205.64
LN-504084,2025-12-31,22573.05,1942.96
LN-504124,2025-12-31,43637.5,3056.19
LN-504190,2025-12-31,17043.25,1379.49
LN-504495,2025-12-31,31594.02,3416.9
LN-504558,2025-12-31,33759,1563.64
LN-504599,2025-12-31,26319,1863.34
LN-504763,2025-12-31,12462.51,0
LN-504895,2025-12-31,14426.68,189.32
LN-504960,2025-12-31,12458.66,120.61
LN-505114,2025-12-31,16977.02,1098.95
LN-505144,2025-12-31,38315.07,2686.23
LN-505218,2025-12-31,9019.62,0
LN-505234,2025-12-31,35027.92,260.32
LN-505357,2025-12-31,20707.18,1202.91
LN-505499,2025-12-31,14068.49,259.34
LN-505530,2025-12-31,17777.26,1752.52
LN-505548,2025-12-31,25648.93,4650.21
LN-505595,2025-12-31,48941.85,3952.06
LN-505999,2025-12-31,14405.51,11.16
LN-506066,2025-12-31,23935.34,3706.52
LN-506182,2025-12-31,39268.5,3397.87
LN-506253,2025-12-31,20220.46,616.02
LN-506269,2025-12-31,14695.21,1143.35
LN-506318,2025-12-31,26003.47,2439.71
LN-506337,2025-12-31,24500.84,2939.63
LN-506344,2025-12-31,30920.35,2201.8
LN-506351,2025-12-31,15682.45,1183.07
LN-506573,2025-12-31,25322.16,2875.42
LN-506581,2025-12-31,44866.74,0
LN-506605,2025-12-31,47764.13,6299.15
LN-506642,2025-12-31,41002.77,2560.82
LN-506680,2025-12-31,44013.11,6203.74
LN-506845,2025-12-31,21590.05,2160.22
LN-506935,2025-12-31,7449.05,471.88
LN-506971,2025-12-31,26231.22,1315.24
LN-506978,2025-12-31,24057.19,2848.43
LN-507001,2025-12-31,11674.58,0
LN-507047,2025-12-31,50022.23,2104.34
LN-507091,2025-12-31,11516.51,241.63
LN-507124,2025-12-31,13128.77,417.58
LN-507177,2025-12-31,19803.16,1113.45
LN-507504,2025-12-31,41231.69,146.72
LN-507517,2025-12-31,25740.3,2969.25
LN-507526,2025-12-31,18336.67,0
LN-507745,2025-12-31,44180.08,0
LN-507794,2025-12-31,39823.07,1160.96
LN-507798,2025-12-31,14345.2,1193.7
LN-507844,2025-12-31,47213.43,6033.33
LN-507990,2025-12-31,10077.57,777.58
LN-507996,2025-12-31,13759.75,1934.74
LN-508035,2025-12-31,31700.3,515.38
LN-508050,2025-12-31,29529.87,4027.11
LN-508079,2025-12-31,56539.35,7925.06
LN-508080,2025-12-31,44328.62,3837.37
LN-508094,2025-12-31,56539.35,6341.66
LN-508113,2025-12-31,32813.87,674.93
LN-508140,2025-12-31,41060.58,3269.92
LN-508146,2025-12-31,56539.35,3476.84
LN-508170,2025-12-31,16103.6,568.39
LN-508220,2025-12-31,33996.46,2619.29
LN-508238,2025-12-31,24972.6,2498.46
LN-508281,2025-12-31,44434.39,2126.57
LN-508343,2025-12-31,36004.81,2809.49
LN-508370,2025-12-31,17123.6,2514.49
LN-508385,2025-12-31,13162.89,1566.84
LN-508406,2025-12-31,25533.25,0
LN-508458,2025-12-31,13980.5,692
LN-508554,2025-12-31,41590.7,567.29
LN-508624,2025-12-31,24836.23,1067.61
LN-508665,2025-12-31,10956.55,839.96
LN-508744,2025-12-31,46608.05,6379.93
LN-508769,2025-12-31,38558.83,7553.01
LN-500327,2026-01-31,20613.82,2157
LN-500398,2026-01-31,18529.11,0
LN-500401,2026-01-31,13738.54,759.11
LN-500861,2026-01-31,5959.55,305.67
LN-500880,2026-01-31,8813.69,479.62
LN-501107,2026-01-31,23953.75,3046.77
LN-501158,2026-01-31,20516.78,2209.8
LN-501191,2026-01-31,23346.26,1942.06
LN-501275,2026-01-31,30975.55,2091.4
LN-501348,2026-01-31,7264.98,553.39
LN-501361,2026-01-31,13954.86,0
LN-501531,2026-01-31,14635.7,618.12
LN-502034,2026-01-31,39333.06,1285.25
LN-502095,2026-01-31,34859.58,922.5
LN-502422,2026-01-31,15845.76,2094.74
LN-502481,2026-01-31,8909.36,823.26
LN-502588,2026-01-31,18026.61,241.31
LN-502637,2026-01-31,32612.09,3047.65
LN-502888,2026-01-31,5452.4,566.11
LN-503115,2026-01-31,10153.01,762.75
LN-503124,2026-01-31,10327.33,1294.04
LN-503328,2026-01-31,11817.17,167.61
LN-503345,2026-01-31,6301.57,0
LN-503583,2026-01-31,18696.45,2355.65
LN-503594,2026-01-31,9698.31,216.31
LN-503949,2026-01-31,31820.63,3856.69
LN-504046,2026-01-31,25869.42,2239.67
LN-504127,2026-01-31,24258.28,2033.44
LN-504141,2026-01-31,15661.72,1466.13
LN-504150,2026-01-31,4869.43,234.54
LN-504163,2026-01-31,8968.19,606.6
LN-504217,2026-01-31,28763.74,3130.86
LN-504221,2026-01-31,23640.42,2632.89
LN-504289,2026-01-31,31510.36,1637.66
LN-504318,2026-01-31,10276.3,691.46
LN-504586,2026-01-31,24969.92,2143.18
LN-504660,2026-01-31,25025.45,2688.34
LN-504939,2026-01-31,12866.3,0
LN-504984,2026-01-31,18498.19,581.84
LN-504999,2026-01-31,16625.11,778.24
LN-505054,2026-01-31,43637.5,1985.46
LN-505305,2026-01-31,6619.59,622.58
LN-505344,2026-01-31,11416.14,1248.29
LN-505394,2026-01-31,19190.48,18.44
LN-505408,2026-01-31,16852.8,0.38
LN-505463,2026-01-31,22600,3575.81
LN-505526,2026-01-31,23366.88,1120.95
LN-505628,2026-01-31,14463.51,0
LN-505659,2026-01-31,13577.88,1694.32
LN-505907,2026-01-31,44553.3,3826.64
LN-505941,2026-01-31,13120.02,776.88
LN-506044,2026-01-31,9435.66,331.13
LN-506135,2026-01-31,21576.21,1526.35
LN-506139,2026-01-31,15460.97,562.38
LN-506150,2026-01-31,21899.96,1882.76
LN-506173,2026-01-31,17898.95,909.41
LN-506185,2026-01-31,24662.93,2570.16
LN-506277,2026-01-31,15316.61,694.23
LN-506411,2026-01-31,24967.93,267.65
LN-506421,2026-01-31,32419.28,2023.72
LN-506655,2026-01-31,34116.31,1577.22
LN-506734,2026-01-31,32770.81,2579.73
LN-506896,2026-01-31,9769.03,408.15
LN-506952,2026-01-31,25502.05,0
LN-506982,2026-01-31,46763.67,2503.03
LN-507076,2026-01-31,46240.23,4003.46
LN-507138,2026-01-31,48725.91,1111.77
LN-507327,2026-01-31,47616.8,5167.88
LN-507391,2026-01-31,41890.3,4965.51
LN-507418,2026-01-31,29249.46,1505.43
LN-507607,2026-01-31,12222.19,999.9
LN-507609,2026-01-31,47837.87,1819.46
LN-507664,2026-01-31,51378.61,2421.59
LN-507668,2026-01-31,23126.22,1738.45
LN-507865,2026-01-31,36242.27,1.96
LN-507910,2026-01-31,43380.71,2127.21
LN-508043,2026-01-31,18860.14,3069.84
LN-508047,2026-01-31,48314.05,2316.27
LN-508067,2026-01-31,24461.59,2460.15
LN-508091,2026-01-31,32493.26,1486.3
LN-508110,2026-01-31,34700.44,1427.52
LN-508172,2026-01-31,19060.06,1881.92
LN-508221,2026-01-31,41663,1785.99
LN-508249,2026-01-31,52006.4,6984.02
LN-508312,2026-01-31,23840.49,1463.71
LN-508734,2026-01-31,19367.08,1691.66
LN-508846,2026-01-31,38230.73,347.46
LN-508947,2026-01-31,38448.07,3611.17
LN-508948,2026-01-31,27775.85,1902.51
LN-508993,2026-01-31,17161.81,1343.79
LN-509054,2026-01-31,27794.86,2192.29
LN-509077,2026-01-31,54542.21,1352.41
LN-509086,2026-01-31,31618.41,2558.07
LN-509096,2026-01-31,18426.11,284.29
LN-509123,2026-01-31,15017.36,1366.39
LN-509178,2026-01-31,56539.35,3175.5
LN-509207,2026-01-31,15062.71,1755.48
LN-509220,2026-01-31,21539.48,866.69
LN-509280,2026-01-31,22586.27,1603.19
LN-509297,2026-01-31,16879.97,112.79
LN-509301,2026-01-31,31791.9,2477.7
LN-509312,2026-01-31,35966.49,1342.55
LN-509356,2026-01-31,14366.7,579.94
LN-509406,2026-01-31,46597.84,6123.88
LN-509410,2026-01-31,40109.95,4015.75
LN-509424,2026-01-31,30670.25,1609.86
LN-509427,2026-01-31,40952.03,5365.21
LN-509430,2026-01-31,33063.6,624.38
LN-509437,2026-01-31,13759.75,800.14
LN-509442,2026-01-31,12638.45,1339.29
LN-509638,2026-01-31,34331.04,2665.48
LN-509668,2026-01-31,42361.8,2832.06
LN-500406,2026-02-28,6202.54,499.97
LN-500517,2026-02-28,11695.97,881.8
LN-500835,2026-02-28,17196.22,0
LN-500874,2026-02-28,27781.93,3855.35
LN-501277,2026-02-28,8417.41,269.65
LN-501436,2026-02-28,7418.51,511.96
LN-501703,2026-02-28,18834.32,554.21
LN-501738,2026-02-28,11165,749.32
LN-501793,2026-02-28,28545.76,3128.63
LN-501797,2026-02-28,6527.17,48.9
LN-502271,2026-02-28,6370.6,0
LN-502758,2026-02-28,12035.67,45.82
LN-502992,2026-02-28,16463.19,1527.03
LN-503295,2026-02-28,13031.63,523.66
LN-503405,2026-02-28,8475.71,1098.82
LN-503628,2026-02-28,14111.59,0
LN-503694,2026-02-28,7698.79,431.2
LN-503802,2026-02-28,18874.52,980.24
LN-503933,2026-02-28,14262.82,1284.83
LN-504109,2026-02-28,17236.99,808.15
LN-504247,2026-02-28,35208.39,5732.01
LN-504361,2026-02-28,27271.05,1079.7
LN-504562,2026-02-28,29631.63,2705.77
LN-504672,2026-02-28,29876.25,0
LN-504695,2026-02-28,24441.13,2155.79
LN-504913,2026-02-28,10959.5,875.7
LN-504977,2026-02-28,14877.44,11.14
LN-505008,2026-02-28,31882.15,1279.67
LN-505052,2026-02-28,27104.07,1948.82
LN-505334,2026-02-28,33995.51,1958.39
LN-505560,2026-02-28,5873.2,581.83
LN-505626,2026-02-28,12857.01,1197.2
LN-505762,2026-02-28,37176.73,1959.47
LN-505773,2026-02-28,11879.74,203.27
LN-505774,2026-02-28,28457.38,2695.79
LN-505780,2026-02-28,9795.97,327.27
LN-506128,2026-02-28,5800.62,774
LN-506133,2026-02-28,22830.5,2774.07
LN-506241,2026-02-28,42080.44,4899.49
LN-506271,2026-02-28,26315.38,1827.48
LN-506321,2026-02-28,30420.46,3578.41
LN-506384,2026-02-28,33515.12,2933.11
LN-506515,2026-02-28,43858.79,2579.29
LN-506568,2026-02-28,14151.47,0
LN-506575,2026-02-28,23816.3,863.17
LN-506608,2026-02-28,46409.35,3943.06
LN-506692,2026-02-28,21562.9,2817.44
LN-506708,2026-02-28,35019.22,308.9
LN-506716,2026-02-28,46772,3605.91
LN-506777,2026-02-28,40062.05,0
LN-506868,2026-02-28,8934.14,1544.85
LN-507211,2026-02-28,13357.19,1140.13
LN-507219,2026-02-28,39001.74,4523.91
LN-507239,2026-02-28,15728.36,1025.81
LN-507266,2026-02-28,31872.73,625.21
LN-507378,2026-02-28,17411.56,2413.51
LN-507443,2026-02-28,17554.8,1453.35
LN-507479,2026-02-28,12847.11,1445.5
LN-507641,2026-02-28,25748.96,1767.95
LN-507659,2026-02-28,16327.37,0
LN-507720,2026-02-28,18441.85,2071.18
LN-507764,2026-02-28,15132.01,500.97
LN-507847,2026-02-28,47327.22,3562.36
LN-507853,2026-02-28,28366.03,1386.54
LN-507861,2026-02-28,46964.35,5913.65
LN-507874,2026-02-28,42973.88,3857.09
LN-507907,2026-02-28,22790.04,1672.5
LN-508114,2026-02-28,26976.34,1457.99
LN-508183,2026-02-28,23622.37,3836.54
LN-508188,2026-02-28,19671.41,168.29
LN-508223,2026-02-28,48404.74,3018.64
LN-508293,2026-02-28,37852.7,4319.34
LN-508308,2026-02-28,48634.57,1325.01
LN-508319,2026-02-28,17413.2,47.78
LN-508368,2026-02-28,22878.07,2446.56
LN-508379,2026-02-28,21844.07,2215.94
LN-508399,2026-02-28,44687.03,0
LN-508485,2026-02-28,33895.59,3593.89
LN-508659,2026-02-28,48402.27,3736.57
LN-508810,2026-02-28,34963.02,3718.21
LN-508875,2026-02-28,45302.41,3150.16
LN-508879,2026-02-28,49919.74,1112.64
LN-509043,2026-02-28,18271.1,1422.26
LN-509155,2026-02-28,36061.43,3669.22
LN-509307,2026-02-28,23295.27,3537.97
LN-509348,2026-02-28,19236.58,2025.38
LN-509451,2026-02-28,45820.26,7493
LN-509478,2026-02-28,12026.5,1270.3
LN-509683,2026-02-28,35060.26,170.33
LN-509946,2026-02-28,36447.68,5676.16
LN-509999,2026-02-28,35111.02,2433.69
LN-510017,2026-02-28,39139.12,3085.93
LN-510050,2026-02-28,23290.7,1780.33
LN-510085,2026-02-28,55064.59,0
LN-510104,2026-02-28,21048.1,1874.28
LN-510112,2026-02-28,8051.07,1023.56
LN-510120,2026-02-28,47357.44,5020.96
LN-510125,2026-02-28,54408.56,1251.6
LN-510186,2026-02-28,32964.23,905.56
LN-510207,2026-02-28,18821.85,2737.51
LN-510230,2026-02-28,22972.18,754.55
LN-510304,2026-02-28,56539.35,3239.16
LN-510335,2026-02-28,43998.79,501.96
LN-510341,2026-02-28,15360.07,839.03
LN-510427,2026-02-28,35351.59,2945.8
LN-510490,2026-02-28,24211.2,1910.59
LN-510543,2026-02-28,8330.15,441.08
LN-510548,2026-02-28,14158.42,957
LN-500188,2026-03-31,3056.2,166.31
LN-500358,2026-03-31,13221.35,425.64
LN-500449,2026-03-31,8436.2,395.85
LN-500696,2026-03-31,6134.71,354.17
LN-501195,2026-03-31,6157.39,387.14
LN-501426,2026-03-31,7186.98,537.89
LN-501430,2026-03-31,22687.44,2030.72
LN-501502,2026-03-31,23897.98,0
LN-501628,2026-03-31,12362.84,0
LN-501666,2026-03-31,25574.91,2953.31
LN-501707,2026-03-31,11766.28,2006.21
LN-501903,2026-03-31,9566.25,357.86
LN-502043,2026-03-31,19757.12,203.23
LN-502710,2026-03-31,9379.65,575.34
LN-502831,2026-03-31,13515.17,1245.96
LN-502870,2026-03-31,8383.34,0
LN-503053,2026-03-31,15472.78,551.47
LN-503097,2026-03-31,10668.74,574.42
LN-503638,2026-03-31,24214.88,3538.33
LN-503707,2026-03-31,13836.91,1053.65
LN-503828,2026-03-31,7683.77,444.15
LN-503951,2026-03-31,7041.01,179.8
LN-504039,2026-03-31,25844.65,2762.48
LN-504074,2026-03-31,37815.48,2846.1
LN-504189,2026-03-31,14517.91,255.45
LN-504230,2026-03-31,5586.12,459.86
LN-504263,2026-03-31,13244.06,2373.15
LN-504348,2026-03-31,12407.25,932.91
LN-504528,2026-03-31,25645.61,1045.97
LN-504594,2026-03-31,22360.84,4215.37
LN-504601,2026-03-31,11004.96,0
LN-504610,2026-03-31,8419.28,406.52
LN-504616,2026-03-31,6811.44,311.32
LN-504794,2026-03-31,8857.2,678.19
LN-504826,2026-03-31,23186.13,0
LN-504952,2026-03-31,30749.05,2472.96
LN-505005,2026-03-31,14556.78,1113.42
LN-505013,2026-03-31,16151.98,1726.63
LN-505042,2026-03-31,12887.58,1058.35
LN-505089,2026-03-31,22538.41,939.33
LN-505623,2026-03-31,36987.99,3915.55
LN-505640,2026-03-31,19231.75,1809.21
LN-505672,2026-03-31,39749.5,1392.78
LN-505786,2026-03-31,26376.83,992.74
LN-505804,2026-03-31,25877.81,3220.38
LN-505953,2026-03-31,10132.19,985.09
LN-505961,2026-03-31,21765.57,0
LN-506248,2026-03-31,8418.48,942.69
LN-506258,2026-03-31,15742.01,557.08
LN-506373,2026-03-31,22505.46,2275.79
LN-506395,2026-03-31,31637.71,714.27
LN-506430,2026-03-31,13008.49,1015.39
LN-506451,2026-03-31,11229.16,679.21
LN-506543,2026-03-31,33759,1309.28
LN-506554,2026-03-31,21460.46,0
LN-506567,2026-03-31,30889.78,3841.67
LN-506618,2026-03-31,6825.19,284.47
LN-506703,2026-03-31,6575.94,504.06
LN-506786,2026-03-31,27492.11,2351.37
LN-506895,2026-03-31,15259.5,795.91
LN-506903,2026-03-31,23167.39,1336.07
LN-506924,2026-03-31,45104.53,3134.84
LN-506949,2026-03-31,39753,3033.07
LN-507002,2026-03-31,31312.55,1066.09
LN-507097,2026-03-31,33643.05,4945.49
LN-507281,2026-03-31,8600.84,645.49
LN-507644,2026-03-31,36504.74,3891.9
LN-507655,2026-03-31,18273.3,598.71
LN-507656,2026-03-31,26997.9,1888.19
LN-507788,2026-03-31,27276.01,1568.21
LN-507803,2026-03-31,21903.59,1423.63
LN-507863,2026-03-31,33653.41,0
LN-507879,2026-03-31,15839.98,1606.44
LN-507986,2026-03-31,12463.53,1399.44
LN-508007,2026-03-31,29751.51,2811.01
LN-508186,2026-03-31,27694.31,638.24
LN-508219,2026-03-31,39168.17,2015.63
LN-508326,2026-03-31,27843,1480.82
LN-508338,2026-03-31,34146.99,0
LN-508395,2026-03-31,38686.41,362.13
LN-508616,2026-03-31,24831.75,1168.61
LN-508669,2026-03-31,19167.13,1532.37
LN-508816,2026-03-31,11801.49,1330.43
LN-508901,2026-03-31,46504.39,2878.06
LN-508903,2026-03-31,13918.15,642.4
LN-508953,2026-03-31,14411.22,1193.44
LN-508995,2026-03-31,41339.84,1956.56
LN-509217,2026-03-31,22032.04,1387.31
LN-509302,2026-03-31,48957.29,961.54
LN-509352,2026-03-31,34020.82,3517.27
LN-509362,2026-03-31,16526.16,333.44
LN-509433,2026-03-31,10163.92,1373.12
LN-509487,2026-03-31,30802.94,2082.65
LN-509528,2026-03-31,35887,4648
LN-509595,2026-03-31,27361.39,1705.16
LN-509685,2026-03-31,47658.34,938.23
LN-509738,2026-03-31,23934.51,0
LN-509933,2026-03-31,32862.11,2411.99
LN-510184,2026-03-31,23295.27,194.27
LN-510260,2026-03-31,53304.31,146.43
LN-510281,2026-03-31,23050.62,2129.77
LN-510303,2026-03-31,48855.01,2246.79
LN-510392,2026-03-31,23029.3,2811.66
LN-510420,2026-03-31,14408.46,1671.92
LN-510444,2026-03-31,53351.06,5055.74
LN-510494,2026-03-31,49910.69,172.8
LN-510517,2026-03-31,23671.08,1157.39
LN-510558,2026-03-31,49891.7,187.62
LN-510623,2026-03-31,53015.52,711.51
LN-510672,2026-03-31,50656.2,1373.16
LN-510676,2026-03-31,24412,1244.48
LN-510741,2026-03-31,19366.15,323.41
LN-510846,2026-03-31,49846.41,5437.01
LN-510871,2026-03-31,30208.01,2035.44
LN-510942,2026-03-31,13419.49,740.06
LN-511007,2026-03-31,38896.91,840.09
LN-511032,2026-03-31,40916.22,1561.22
LN-511170,2026-03-31,35067.53,2391.91
LN-511172,2026-03-31,33957.14,278.34
LN-511194,2026-03-31,11229.35,364.45
LN-511222,2026-03-31,55122.86,2306.98
LN-511276,2026-03-31,11422.2,448.5
LN-511368,2026-03-31,36457.49,2151.52
LN-511424,2026-03-31,32650.17,1867.09
LN-511457,2026-03-31,51053.43,6241.66
LN-500617,2026-04-30,18590.23,0
LN-500783,2026-04-30,8059.42,868.44
LN-500912,2026-04-30,18545.25,473.37
LN-500927,2026-04-30,6492.79,839.08
LN-501317,2026-04-30,10621.34,626.04
LN-501387,2026-04-30,8699.53,0
LN-501638,2026-04-30,9426.6,397.28
LN-501859,2026-04-30,3471.36,0
LN-501940,2026-04-30,13796.62,363.89
LN-502203,2026-04-30,18715.58,1689.78
LN-502218,2026-04-30,7477.26,1080.94
LN-502306,2026-04-30,5904.94,0
LN-503000,2026-04-30,26961.31,1923.43
LN-503282,2026-04-30,16721.55,1351.14
LN-503354,2026-04-30,13957.94,0
LN-503967,2026-04-30,7374.49,879.23
LN-504089,2026-04-30,39333.07,875.28
LN-504161,2026-04-30,6335.15,516.52
LN-504414,2026-04-30,8375.24,0
LN-504638,2026-04-30,25444.61,953.04
LN-504644,2026-04-30,24549.44,1125.58
LN-505477,2026-04-30,6391.39,994.34
LN-505609,2026-04-30,17042.41,261.98
LN-505811,2026-04-30,19371.05,0
LN-505860,2026-04-30,43333.01,6354.5
LN-505922,2026-04-30,16205.68,917.71
LN-505998,2026-04-30,10832.14,0
LN-506138,2026-04-30,30055.47,2634.4
LN-506492,2026-04-30,24849.18,3446.46
LN-506582,2026-04-30,31912.16,3004.12
LN-506679,2026-04-30,21948.38,0
LN-506913,2026-04-30,39533.54,2675.24
LN-506961,2026-04-30,8851.34,482.15
LN-507062,2026-04-30,11936.02,0
LN-507212,2026-04-30,38642.13,4335.22
LN-507336,2026-04-30,29959.18,1762.32
LN-507356,2026-04-30,15395.44,2339.36
LN-507769,2026-04-30,41775.79,0
LN-507785,2026-04-30,42888.38,1188.26
LN-507838,2026-04-30,7220.59,218.02
LN-507868,2026-04-30,7757.84,611.91
LN-507940,2026-04-30,8849.31,540.5
LN-507943,2026-04-30,8796.69,0
LN-507953,2026-04-30,9350.05,730.81
LN-508041,2026-04-30,46614.65,3373.27
LN-508195,2026-04-30,18944.22,2083.38
LN-508300,2026-04-30,14316.38,0
LN-508336,2026-04-30,20309.83,920.72
LN-508361,2026-04-30,40677.82,1017.73
LN-508397,2026-04-30,14667.87,31.61
LN-508483,2026-04-30,16936.16,1805.55
LN-508593,2026-04-30,28278.78,1227.71
LN-508705,2026-04-30,17601.32,1544.33
LN-508722,2026-04-30,38499.79,2029.26
LN-508741,2026-04-30,20578.89,1217.07
LN-508752,2026-04-30,41430.94,4984.03
LN-508754,2026-04-30,13497.05,1740.35
LN-508827,2026-04-30,33829.6,2318.22
LN-508838,2026-04-30,33427.77,4284.15
LN-509067,2026-04-30,8199.46,215.09
LN-509078,2026-04-30,47576.17,2105.72
LN-509267,2026-04-30,16677.76,2948.81
LN-509316,2026-04-30,12432.51,1612.88
LN-509327,2026-04-30,42970.94,429.5
LN-509447,2026-04-30,48798.24,2022.13
LN-509458,2026-04-30,39545.04,3786.43
LN-509515,2026-04-30,39751.84,1694.29
LN-509588,2026-04-30,18593.18,1413.59
LN-509610,2026-04-30,19021.84,778.94
LN-509654,2026-04-30,32657.05,1370.29
LN-509656,2026-04-30,46968.86,3003.47
LN-509787,2026-04-30,22089.26,2756.86
LN-509811,2026-04-30,23600.33,1192.78
LN-509848,2026-04-30,47927.16,4555.64
LN-509922,2026-04-30,50116.11,3122.31
LN-509957,2026-04-30,25041.18,2351.66
LN-510015,2026-04-30,50878.58,5544.91
LN-510097,2026-04-30,33944.69,2025.56
LN-510195,2026-04-30,30061.01,3775.12
LN-510201,2026-04-30,29327.95,0
LN-510274,2026-04-30,47387.35,3512.94
LN-510362,2026-04-30,43705.62,4303.53
LN-510583,2026-04-30,34538.89,1215.44
LN-510586,2026-04-30,37862.8,2765.09
LN-510611,2026-04-30,10876.01,920.86
LN-510639,2026-04-30,43347.22,3130.7
LN-510730,2026-04-30,43256.27,5839.51
LN-510761,2026-04-30,7718.69,737.29
LN-510825,2026-04-30,54576.63,6426.67
LN-510898,2026-04-30,48664.84,2047.62
LN-510997,2026-04-30,17801.94,326.84
LN-511072,2026-04-30,44957.44,4119.16
LN-511100,2026-04-30,34019.09,1518.59
LN-511104,2026-04-30,53958.98,5287.53
LN-511150,2026-04-30,41555.04,2394.56
LN-511286,2026-04-30,24541.57,1052.96
LN-511332,2026-04-30,46796.57,2904.48
LN-511360,2026-04-30,48841.19,6694.23
LN-511415,2026-04-30,13674.88,302.85
LN-511466,2026-04-30,52565.33,2927.19
LN-511477,2026-04-30,10956.55,329.22
LN-511485,2026-04-30,52278.4,5351.72
LN-511580,2026-04-30,31327.13,2765.75
LN-511640,2026-04-30,10395.9,958.74
LN-511670,2026-04-30,53717.84,2364.55
LN-511732,2026-04-30,52823.25,4218.28
LN-511744,2026-04-30,27855.5,4190.85
LN-511780,2026-04-30,11428.27,459.56
LN-511802,2026-04-30,34617.77,1911.17
LN-511864,2026-04-30,44034.45,4664.38
LN-511910,2026-04-30,41488.82,1140.12
LN-511926,2026-04-30,25637.26,2322.42
LN-511932,2026-04-30,43947.49,7290.78
LN-511978,2026-04-30,54636.6,1260.2
LN-511996,2026-04-30,27061.3,395.78
LN-511997,2026-04-30,47526.64,3827.36
LN-512027,2026-04-30,39168.04,4956.17
LN-512058,2026-04-30,22789.17,1674.22
LN-512080,2026-04-30,24041.92,0
LN-512187,2026-04-30,12712.19,2832.26
LN-512196,2026-04-30,30579,2116.75
LN-512210,2026-04-30,47371.35,2261.47
LN-500061,2026-05-31,14663.63,1665.63
LN-500918,2026-05-31,9136.96,230.24
LN-500963,2026-05-31,11432.93,338.67
LN-502092,2026-05-31,5026.11,468.54
LN-502202,2026-05-31,29778.87,3069.68
LN-502312,2026-05-31,18214.59,1524.03
LN-502825,2026-05-31,13852.8,530.02
LN-503038,2026-05-31,11173.14,973.65
LN-503129,2026-05-31,7607.64,553.69
LN-503161,2026-05-31,15567.25,2029.37
LN-503366,2026-05-31,14864.47,1113.65
LN-503772,2026-05-31,4902.24,216.92
LN-503884,2026-05-31,16095.71,0
LN-503965,2026-05-31,26462.38,2254
LN-504056,2026-05-31,25398.04,2650.15
LN-504063,2026-05-31,36912.17,2715.13
LN-504265,2026-05-31,21751.59,2176.82
LN-504492,2026-05-31,22114.86,1831.62
LN-504623,2026-05-31,22287.09,924.98
LN-504659,2026-05-31,30494.55,3691.81
LN-504721,2026-05-31,31543.4,0
LN-504780,2026-05-31,26788.45,2496.92
LN-504919,2026-05-31,38316.95,3083.76
LN-505304,2026-05-31,28038.01,2123.83
LN-505455,2026-05-31,22713.3,1528.14
LN-505746,2026-05-31,37883.77,3735.13
LN-505754,2026-05-31,8274.33,549.9
LN-506017,2026-05-31,34696.67,1384.49
LN-506193,2026-05-31,21916.13,2964.63
LN-506228,2026-05-31,25709.12,2709.3
LN-506387,2026-05-31,19561.18,922.46
LN-506406,2026-05-31,15122.82,210.88
LN-506446,2026-05-31,36819.88,3360.61
LN-506457,2026-05-31,6202.12,648.61
LN-506664,2026-05-31,24452.66,1236.63
LN-506705,2026-05-31,19374.39,829.51
LN-506743,2026-05-31,39025.76,1770.99
LN-506849,2026-05-31,37284.06,2876.86
LN-507130,2026-05-31,10305.83,1212.23
LN-507222,2026-05-31,12471.08,1123.4
LN-507264,2026-05-31,39978.9,3428.93
LN-507286,2026-05-31,10940.79,1475.94
LN-507366,2026-05-31,16823.71,85.46
LN-507419,2026-05-31,22457,2171.57
LN-507421,2026-05-31,11675.55,288.16
LN-507501,2026-05-31,24633.66,2845.45
LN-507572,2026-05-31,36987.99,3146.57
LN-507642,2026-05-31,11044.26,807.13
LN-507805,2026-05-31,15489.25,422.04
LN-507917,2026-05-31,18720.18,470.58
LN-508057,2026-05-31,21356.85,930.92
LN-508065,2026-05-31,45148.92,3661.64
LN-508093,2026-05-31,36968.27,4891.49
LN-508143,2026-05-31,9027.38,984.02
LN-508347,2026-05-31,33902.99,4733.98
LN-508394,2026-05-31,17674.38,1839.19
LN-508576,2026-05-31,44402.24,6376.62
LN-508583,2026-05-31,46006.93,3323.43
LN-508683,2026-05-31,45742.03,6516.89
LN-508757,2026-05-31,17360.73,565.39
LN-508856,2026-05-31,28212.49,1476.73
LN-508946,2026-05-31,27698.72,657.69
LN-509048,2026-05-31,24177.5,3214.53
LN-509126,2026-05-31,17761.05,636.4
LN-509141,2026-05-31,28210.01,3962.66
LN-509216,2026-05-31,46313.83,3320.26
LN-509322,2026-05-31,8972.91,413.97
LN-509360,2026-05-31,25923.56,2766.42
LN-509503,2026-05-31,46217.87,0
LN-509667,2026-05-31,13659.73,0
LN-509836,2026-05-31,5861.36,574.29
LN-509859,2026-05-31,44341.93,1042.51
LN-509862,2026-05-31,43306.63,1867.62
LN-509925,2026-05-31,11019.07,1371.57
LN-509937,2026-05-31,7341.47,35.59
LN-510071,2026-05-31,20339.73,2796.04
LN-510095,2026-05-31,10918.69,289.68
LN-510101,2026-05-31,27319,1572.42
LN-510129,2026-05-31,12447.43,1582.52
LN-510216,2026-05-31,37475.78,75.39
LN-510226,2026-05-31,39254.16,2844.17
LN-510273,2026-05-31,14871.86,1347.04
LN-510498,2026-05-31,11761.12,1513.32
LN-510714,2026-05-31,20645.5,164.33
LN-510776,2026-05-31,29325.84,3192.58
LN-510797,2026-05-31,40800.63,9.64
LN-510820,2026-05-31,26808.96,0
LN-510859,2026-05-31,39434.54,0
LN-510891,2026-05-31,31963.65,2696.58
LN-510916,2026-05-31,43822.5,5879.46
LN-510955,2026-05-31,48103.01,4707.11
LN-511033,2026-05-31,37976.46,7064.81
LN-511148,2026-05-31,29431.29,4566.06
LN-511228,2026-05-31,19784.58,976.2
LN-511384,2026-05-31,26704.23,313.07
LN-511470,2026-05-31,21933.48,4315.15
LN-511578,2026-05-31,45759.34,4946.72
LN-511613,2026-05-31,20903.53,3928.9
LN-511621,2026-05-31,49245.7,3441.92
LN-511653,2026-05-31,23543.24,1799.26
LN-511785,2026-05-31,51338.35,4032.46
LN-511807,2026-05-31,32864.29,4062.94
LN-511885,2026-05-31,17397.9,2527.58
LN-511888,2026-05-31,37291.51,2888.08
LN-511941,2026-05-31,30886.05,0
LN-512069,2026-05-31,26256.93,3509.14
LN-512098,2026-05-31,15061.15,1120.82
LN-512125,2026-05-31,12064.77,2113.87
LN-512155,2026-05-31,8476.72,729.06
LN-512352,2026-05-31,37867.4,1476.24
LN-512390,2026-05-31,26793.68,2435.27
LN-512465,2026-05-31,14687.53,1543.56
LN-512474,2026-05-31,34120.27,0
LN-512481,2026-05-31,48689.19,1361.53
LN-512527,2026-05-31,30342.89,17.03
LN-512582,2026-05-31,56539.35,0
LN-512611,2026-05-31,28638.25,3699.21
LN-512634,2026-05-31,56539.35,3634.97
LN-512645,2026-05-31,37256.11,1889.53
LN-512679,2026-05-31,49761.5,2030.8
LN-512707,2026-05-31,40335.65,6113.9
LN-512759,2026-05-31,43008.92,5519.87
LN-512794,2026-05-31,56539.35,4064.52
LN-512800,2026-05-31,20478.52,1311.64
LN-512850,2026-05-31,55520,4396.36
LN-512852,2026-05-31,14576.32,2279.6
LN-512917,2026-05-31,37190.5,3912.83
LN-512927,2026-05-31,46837.7,3417.64
LN-512990,2026-05-31,37306.75,5079.45
LN-512994,2026-05-31,27015.04,3177.26
LN-512995,2026-05-31,48384.55,4381.36
LN-513143,2026-05-31,19565.12,1611.51
LN-513158,2026-05-31,24483.99,1580.31
LN-513196,2026-05-31,20577.46,348.82
LN-513238,2026-05-31,17684.25,1163.23
LN-500133,2026-06-30,13912.51,3035.42
LN-500717,2026-06-30,10709.2,527.34
LN-500852,2026-06-30,8674.65,454.36
LN-501421,2026-06-30,15293.13,375.1
LN-501827,2026-06-30,16271.43,2305.59
LN-502102,2026-06-30,7900.22,334.6
LN-502629,2026-06-30,17249.29,857.09
LN-502843,2026-06-30,13656.6,870.21
LN-502872,2026-06-30,21081.17,2120.56
LN-503483,2026-06-30,7643.69,678.29
LN-503661,2026-06-30,17718.87,1117.11
LN-503825,2026-06-30,12023.3,1166.56
LN-503838,2026-06-30,7475.81,551.08
LN-504148,2026-06-30,10389.37,856.02
LN-504353,2026-06-30,11418.87,962.32
LN-504466,2026-06-30,10361.32,281.3
LN-504483,2026-06-30,7990.59,357.26
LN-504674,2026-06-30,20819.38,1804.78
LN-504817,2026-06-30,7632.04,386.06
LN-504989,2026-06-30,12404.88,280.14
LN-505031,2026-06-30,27361.45,2410.19
LN-505138,2026-06-30,11603.45,185.14
LN-505157,2026-06-30,22215.04,609.75
LN-505216,2026-06-30,10471.35,126.44
LN-505374,2026-06-30,20679.15,1326.72
LN-505747,2026-06-30,17528.7,1664.63
LN-505808,2026-06-30,7812.75,639.84
LN-506007,2026-06-30,10460.86,0
LN-506275,2026-06-30,19914.35,831.47
LN-506644,2026-06-30,40183.24,5627.23
LN-506817,2026-06-30,16845.8,458.33
LN-507042,2026-06-30,27158.77,859.99
LN-507095,2026-06-30,12594.39,1984.24
LN-507247,2026-06-30,27249.06,2312.11
LN-507306,2026-06-30,4283.1,462.81
LN-507323,2026-06-30,15966.35,775.03
LN-507381,2026-06-30,41745.3,4587.93
LN-507485,2026-06-30,25733.38,2485.49
LN-507494,2026-06-30,7913.67,134.57
LN-507595,2026-06-30,18006.63,1239.01
LN-507665,2026-06-30,31611.87,1329.54
LN-507672,2026-06-30,12547.66,0
LN-507812,2026-06-30,30132.41,902.05
LN-507833,2026-06-30,19448.64,0
LN-507873,2026-06-30,19601.86,1944.26
LN-507909,2026-06-30,17866.46,1078.12
LN-507957,2026-06-30,24932.85,0
LN-508009,2026-06-30,30689.69,563.46
LN-508029,2026-06-30,15789.4,1363.34
LN-508125,2026-06-30,24965.02,1467.17
LN-508213,2026-06-30,34524.49,1158.29
LN-508288,2026-06-30,32173.15,4519.37
LN-508478,2026-06-30,20705.25,357.96
LN-508524,2026-06-30,12417.83,1058.1
LN-508539,2026-06-30,20816.72,1780.95
LN-508715,2026-06-30,30569.56,3698.25
LN-508782,2026-06-30,19844.92,2718.53
LN-508945,2026-06-30,43995.55,4642.44
LN-508954,2026-06-30,5250.87,271.8
LN-509014,2026-06-30,22453.11,1489.67
LN-509113,2026-06-30,41327.87,4917.6
LN-509233,2026-06-30,30871.83,2291.45
LN-509477,2026-06-30,11642.29,727.29
LN-509744,2026-06-30,48351.17,3654.92
LN-509850,2026-06-30,21885.09,925.98
LN-509887,2026-06-30,29567.52,0
LN-509978,2026-06-30,29554.12,4964.77
LN-510006,2026-06-30,42400.4,771.12
LN-510014,2026-06-30,16218.86,1149.23
LN-510037,2026-06-30,42617.15,5930.12
LN-510079,2026-06-30,9180.46,1333.96
LN-510139,2026-06-30,23251.82,726.82
LN-510141,2026-06-30,36043.34,3034.84
LN-510301,2026-06-30,20114.24,2589.65
LN-510371,2026-06-30,40086.56,0
LN-510577,2026-06-30,11336.73,1182.39
LN-510615,2026-06-30,12791.34,709.26
LN-510959,2026-06-30,34312.86,2249.71
LN-511184,2026-06-30,41185.23,1595.52
LN-511267,2026-06-30,37581.56,2779.07
LN-511273,2026-06-30,48174.69,6189.93
LN-511339,2026-06-30,32803.55,2783.72
LN-511403,2026-06-30,38055.31,5168.85
LN-511438,2026-06-30,36498.77,828.76
LN-511492,2026-06-30,14447.19,674.38
LN-511508,2026-06-30,24079.67,923.41
LN-511579,2026-06-30,30225.02,3497.31
LN-511611,2026-06-30,38508.98,1394
LN-511644,2026-06-30,19025.35,1383.15
LN-511733,2026-06-30,37434.46,0
LN-511787,2026-06-30,51335.37,6667.12
LN-511922,2026-06-30,9269.49,0
LN-511981,2026-06-30,26001.64,2127.5
LN-512016,2026-06-30,27729.34,2248.21
LN-512112,2026-06-30,37934.12,4541.64
LN-512417,2026-06-30,35825.38,1214.93
LN-512554,2026-06-30,6584.89,1088.72
LN-512619,2026-06-30,52959.81,692.27
LN-512622,2026-06-30,48623.01,4121.05
LN-512710,2026-06-30,54006.85,3269.08
LN-512733,2026-06-30,40894.85,2687
LN-512795,2026-06-30,8839.01,44.86
LN-512872,2026-06-30,27494.53,2526.78
LN-512894,2026-06-30,36809.06,1857.86
LN-512928,2026-06-30,25237.6,1221.06
LN-512930,2026-06-30,22461.21,1575.19
LN-513171,2026-06-30,50400.89,5298.24
LN-513189,2026-06-30,30419.79,1501.28
LN-513249,2026-06-30,37867.4,2687.01
LN-513277,2026-06-30,48894.2,3315.84
LN-513286,2026-06-30,37979.81,1330.32
LN-513345,2026-06-30,14277.76,1567.28
LN-513356,2026-06-30,56539.35,1875.93
LN-513382,2026-06-30,31730.46,3988.35
LN-513496,2026-06-30,25553.23,1678.62
LN-513521,2026-06-30,25267.96,331.57
LN-513587,2026-06-30,34786.57,2333.97
LN-513653,2026-06-30,26093.9,1710.18
LN-513672,2026-06-30,25820.12,2522.61
LN-513677,2026-06-30,30758.26,1465.14
LN-513711,2026-06-30,18101.92,1394.51
LN-513835,2026-06-30,54888.55,2892.32
LN-513855,2026-06-30,31743.56,2599.33
LN-500209,2026-07-31,6554.85,629.05
LN-500292,2026-07-31,14499.83,688.84
LN-501005,2026-07-31,11871.57,1085.85
LN-501033,2026-07-31,9975.97,507.02
LN-501143,2026-07-31,17308.73,777.73
LN-501159,2026-07-31,11261.27,878.22
LN-501229,2026-07-31,15135.14,905.85
LN-501433,2026-07-31,5672.74,496.31
LN-501623,2026-07-31,5985.25,0
LN-502743,2026-07-31,11326.76,472.96
LN-502749,2026-07-31,13552.02,1466.68
LN-503073,2026-07-31,9678.2,0
LN-503113,2026-07-31,27538.87,1200.45
LN-503475,2026-07-31,17768.74,1665.48
LN-504559,2026-07-31,14198.05,723.07
LN-504950,2026-07-31,27397.88,1515.38
LN-504956,2026-07-31,9668.31,589.45
LN-505204,2026-07-31,21211.53,4386.35
LN-505214,2026-07-31,13794.7,694.47
LN-505235,2026-07-31,7131.81,0
LN-506036,2026-07-31,19628.23,2556.37
LN-506090,2026-07-31,7772.59,1331.8
LN-506437,2026-07-31,15996.08,1305.02
LN-506658,2026-07-31,19344.35,1647.54
LN-506870,2026-07-31,24014.47,1156.86
LN-507030,2026-07-31,11251.2,822.39
LN-507147,2026-07-31,19321.04,1719.3
LN-507156,2026-07-31,10750.52,1088.31
LN-507743,2026-07-31,10742.44,1491.93
LN-507806,2026-07-31,9603.06,205.59
LN-507956,2026-07-31,30526.38,2204.03
LN-508022,2026-07-31,11577.92,388.45
LN-508270,2026-07-31,43333.01,945.06
LN-508376,2026-07-31,5977.02,568.46
LN-508578,2026-07-31,29880.78,1520.15
LN-508829,2026-07-31,21481.53,2955.1
LN-508855,2026-07-31,12126.96,1544.36
LN-508859,2026-07-31,14620.8,2648.38
LN-508874,2026-07-31,14419.73,1232.75
LN-508943,2026-07-31,18992.54,2290.93
LN-509197,2026-07-31,15971.6,187.97
LN-509246,2026-07-31,33018.8,582.53
LN-509337,2026-07-31,21634.99,2346.3
LN-509357,2026-07-31,18079.59,602.8
LN-509388,2026-07-31,14772.26,2306.98
LN-509483,2026-07-31,39210.23,4155.81
LN-509582,2026-07-31,23461.21,621.24
LN-509671,2026-07-31,13194.39,1128.78
LN-509773,2026-07-31,25477.55,2428.63
LN-509894,2026-07-31,30776.22,839.45
LN-509895,2026-07-31,40579.54,0
LN-509924,2026-07-31,18866.65,816.7
LN-509950,2026-07-31,11720.59,473.49
LN-509963,2026-07-31,43757.47,1604.84
LN-509993,2026-07-31,7179.04,237.37
LN-510159,2026-07-31,32251.32,4010.18
LN-510164,2026-07-31,24830.68,2778.96
LN-510213,2026-07-31,22397.55,2336.36
LN-510447,2026-07-31,36839.71,0
LN-510651,2026-07-31,44584.94,1525.11
LN-510700,2026-07-31,7932.93,136.88
LN-510815,2026-07-31,15744.48,0
LN-510946,2026-07-31,30451.27,2851.66
LN-510948,2026-07-31,42192.12,2022.29
LN-510952,2026-07-31,46504.31,0
LN-511129,2026-07-31,32876.54,902.88
LN-511216,2026-07-31,34808.18,1469.39
LN-511266,2026-07-31,46217.87,5995.13
LN-511296,2026-07-31,10475.85,846.51
LN-511317,2026-07-31,35198.57,3545.28
LN-511410,2026-07-31,13321.63,284.67
LN-511425,2026-07-31,23130.4,2527.69
LN-511614,2026-07-31,9784.35,0
LN-511638,2026-07-31,23179.83,1329.38
LN-511662,2026-07-31,28459.67,237.85
LN-511716,2026-07-31,41172.8,4098.55
LN-511821,2026-07-31,45325.06,3121.91
LN-511833,2026-07-31,46904.49,3351.82
LN-512070,2026-07-31,9741.79,278.7
LN-512347,2026-07-31,9276.62,1059.64
LN-512511,2026-07-31,27328.29,0
LN-512559,2026-07-31,49417.33,5017.46
LN-512569,2026-07-31,50522.37,4588.47
LN-512752,2026-07-31,49989.86,1452.33
LN-512838,2026-07-31,39585.44,0
LN-512932,2026-07-31,20645.98,2523.31
LN-512959,2026-07-31,16461.36,1374.44
LN-513082,2026-07-31,22630.07,1127.64
LN-513087,2026-07-31,16073.89,177.24
LN-513210,2026-07-31,45199.24,1493.62
LN-513235,2026-07-31,34370.11,3393.57
LN-513243,2026-07-31,48090.36,3534.69
LN-513255,2026-07-31,18914.29,1841.56
LN-513680,2026-07-31,49963.72,439.09
LN-513742,2026-07-31,8866.53,80.28
LN-513884,2026-07-31,46996.17,4136.76
LN-513893,2026-07-31,31484.08,3142.21
LN-513962,2026-07-31,13406.93,1981.97
LN-513995,2026-07-31,14187.1,2169.22
LN-514011,2026-07-31,47626.86,7409.63
LN-514015,2026-07-31,39614.59,0
LN-514030,2026-07-31,56539.35,4415.94
LN-514034,2026-07-31,35689.97,681.33
LN-514117,2026-07-31,22790.48,2387.03
LN-514238,2026-07-31,48714.48,6797.27
LN-514289,2026-07-31,56539.35,4878.23
LN-514362,2026-07-31,54812.93,3249.16
LN-514428,2026-07-31,13901.57,1398.09
LN-514464,2026-07-31,50423.25,7902.92
LN-514467,2026-07-31,25533.25,1101.94
LN-514529,2026-07-31,9620.8,89.22
LN-514559,2026-07-31,32838.25,2369.26
LN-514574,2026-07-31,55023.65,9693.54
LN-514588,2026-07-31,15239.03,0
LN-514593,2026-07-31,12821.04,105.45
LN-500741,2026-08-31,5891.88,278.5
LN-501299,2026-08-31,12101.98,995.36
LN-501751,2026-08-31,3825.79,153.79
LN-502344,2026-08-31,17292.75,1738.65
LN-502529,2026-08-31,7646.43,894.96
LN-502605,2026-08-31,7734.39,0
LN-502717,2026-08-31,6729.43,737.99
LN-503274,2026-08-31,15952.73,679
LN-503330,2026-08-31,5030.4,147.33
LN-503492,2026-08-31,6828.21,541.96
LN-503726,2026-08-31,12000.58,0
LN-503774,2026-08-31,8059.9,220.04
LN-504038,2026-08-31,18650.05,652.09
LN-504065,2026-08-31,4676.22,447.58
LN-504480,2026-08-31,7112.15,1008.15
LN-504582,2026-08-31,31685.82,648.2
LN-504762,2026-08-31,17999.91,1016.87
LN-504842,2026-08-31,13173.14,1362.37
LN-505261,2026-08-31,14460.91,441.08
LN-505372,2026-08-31,23174.73,1632.34
LN-505407,2026-08-31,21560.38,883.78
LN-505531,2026-08-31,14050.7,890.77
LN-505986,2026-08-31,13491.55,1977.45
LN-506170,2026-08-31,11191.11,1127.65
LN-506183,2026-08-31,17933.76,0
LN-506506,2026-08-31,10113.22,1203.21
LN-506509,2026-08-31,17986.45,1829.83
LN-506526,2026-08-31,29307.6,2775.86
LN-506547,2026-08-31,18914.93,1560.93
LN-506616,2026-08-31,7846.11,706.45
LN-506678,2026-08-31,15463.83,681.66
LN-506963,2026-08-31,27967.64,1064.81
LN-507080,2026-08-31,33525.53,2346.78
LN-507169,2026-08-31,11906.75,1372.03
LN-507545,2026-08-31,3450.17,333.31
LN-507677,2026-08-31,16190.2,136.34
LN-507777,2026-08-31,30662.41,2931.78
LN-507984,2026-08-31,11004.96,1434.87
LN-508550,2026-08-31,15358.82,225.18
LN-508599,2026-08-31,18437.89,2117.72
LN-508804,2026-08-31,20023.36,0
LN-508820,2026-08-31,18686.61,0
LN-508833,2026-08-31,34889.89,702.03
LN-508960,2026-08-31,16652.21,2120.26
LN-509162,2026-08-31,36146.81,484.05
LN-509171,2026-08-31,27241.62,1524.87
LN-509247,2026-08-31,9570.67,1251.05
LN-509252,2026-08-31,17301.84,1348.6
LN-509479,2026-08-31,14071.89,1877.61
LN-509518,2026-08-31,27000.9,813.95
LN-509620,2026-08-31,15913.84,512.53
LN-509841,2026-08-31,40872.87,1904.8
LN-509915,2026-08-31,39279.77,1632.52
LN-510140,2026-08-31,3886.83,563.86
LN-510266,2026-08-31,6821.67,1571.81
LN-510267,2026-08-31,28438.51,2427.22
LN-510320,2026-08-31,10233.24,0
LN-510485,2026-08-31,11463.85,1319.25
LN-510499,2026-08-31,29964.84,0
LN-510619,2026-08-31,31647.87,3821.08
LN-510662,2026-08-31,17650.35,505.69
LN-510744,2026-08-31,14487.91,1477.48
LN-510960,2026-08-31,11665.87,94.75
LN-511102,2026-08-31,13237.38,1680.52
LN-511158,2026-08-31,18609.99,395.7
LN-511398,2026-08-31,25069.28,1944.16
LN-511427,2026-08-31,17076.83,1091.5
LN-511661,2026-08-31,21171.71,1716.81
LN-511809,2026-08-31,24895.49,1844.91
LN-511818,2026-08-31,40830.67,2600.09
LN-511848,2026-08-31,10608.78,919.46
LN-512000,2026-08-31,20259.74,1030.79
LN-512305,2026-08-31,9468.55,1934.94
LN-512518,2026-08-31,35229.34,2050.4
LN-512640,2026-08-31,19006.23,1359.97
LN-512735,2026-08-31,45373.46,4632.47
LN-512909,2026-08-31,23408.48,3013.32
LN-513122,2026-08-31,46685.68,0
LN-513295,2026-08-31,18886.6,596.11
LN-513357,2026-08-31,24290.37,4459.86
LN-513390,2026-08-31,12910.39,484.09
LN-513396,2026-08-31,47614.45,4745.71
LN-513456,2026-08-31,25319.75,2452.09
LN-513494,2026-08-31,47427.21,2082.9
LN-513682,2026-08-31,35992.26,0
LN-513738,2026-08-31,17652.21,135.63
LN-513760,2026-08-31,22206.49,479.24
LN-513842,2026-08-31,15397.29,436.4
LN-513908,2026-08-31,45243.71,3145.99
LN-513935,2026-08-31,35031.09,2907.07
LN-514022,2026-08-31,50902.49,2710.93
LN-514026,2026-08-31,20920.4,2543.11
LN-514063,2026-08-31,28296.4,24.9
LN-514156,2026-08-31,27635.13,2465.8
LN-514179,2026-08-31,27095.48,2578.06
LN-514285,2026-08-31,36070.51,2397.92
LN-514339,2026-08-31,53958.98,5359.15
LN-514415,2026-08-31,32838.18,2893.11
LN-514552,2026-08-31,21224.55,471.92
LN-514565,2026-08-31,54006.85,4789.82
LN-514584,2026-08-31,18507.48,1614.49
LN-514612,2026-08-31,28437.26,3071.55
LN-514629,2026-08-31,16601.92,1300.8
LN-514657,2026-08-31,27243.86,2829.53
LN-514686,2026-08-31,13528.79,1683.79
LN-514838,2026-08-31,23325.79,0
LN-514899,2026-08-31,41960.53,4302.26
LN-514920,2026-08-31,32176.51,3438.99
LN-514952,2026-08-31,53972.56,2790.57
LN-514978,2026-08-31,26040.54,2525.99
LN-515010,2026-08-31,52555.73,6735.26
LN-515026,2026-08-31,54966.02,4774.79
LN-515051,2026-08-31,41231.25,5746.2
LN-515059,2026-08-31,41030.7,3139.74
LN-515076,2026-08-31,52884.92,3980.41
LN-515230,2026-08-31,22169.4,0
LN-515292,2026-08-31,44672.29,1907.91
LN-515354,2026-08-31,55014.07,4847.01
LN-515415,2026-08-31,56539.35,2422.09
LN-515423,2026-08-31,50505.21,4455.78
LN-515450,2026-08-31,48971.54,4181.3
LN-515486,2026-08-31,35617.89,0
LN-515487,2026-08-31,20460.6,603.72
